"record_id";"report_id";"report_version";"is_latest_report_version";"schema_period";"automation_category";"reporting_entity";"report_type";"report_submission_date";"same_vehicle_id";"make";"model";"model_year";"automation_system_engaged";"engagement_status";"incident_date";"incident_year";"incident_month";"same_incident_id";"latitude";"longitude";"city";"state";"roadway_type";"crash_with";"highest_injury_severity_alleged";"is_fatal";"has_injury";"has_hospitalization";"vulnerable_road_user_involved";"airbag_deployed";"vehicle_towed";"police_report_available";"narrative";"source_file"
"10003-2800-v4";"10003-2800";4;"true";"archive_2021_to_2025";"ADAS";"Navistar, Inc.";"Update";"2022-08-01";"6b21a70177dcc64";"International";"LT";"2022";"Unknown, see Narrative";"";"2021-11-01";"2021";"11";"d7397a577eefe45";"";"";"Maxatawny Tounship";"PA";"Street";"Other Fixed Object";"Unknown";"false";"";"false";"false";"false";"false";"false";"This vehicle is equipped with Lane Keep Assist feature. This crash occurred as unit 1 was going North on [XXX] ([XXX]) in Maxatawny Township, Berks County. Unit 1 then went off the righthand side of the roadway and struck a house. Unit 1 was towed from the scene. Operator 1 and the homeowner were transported to nearby local hospital to be treated for minor injuries.";"archive_SGO-2021-01_Incident_Reports_ADAS.csv"
"10003-2932-v1";"10003-2932";1;"true";"archive_2021_to_2025";"ADS";"Navistar, Inc.";"Monthly";"2022-05-01";"6b21a70177dcc64";"International";"LT";"2022";"Unknown, see Narrative";"";"2021-11-01";"2021";"11";"d7397a577eefe45";"";"";"Maxatawny Township";"PA";"Street";"Other Fixed Object";"Unknown";"false";"";"false";"false";"false";"false";"false";"This vehicle is equipped with Lane Keep Assist feature. The posted speed limit the subject vehicle was operating at time of incident is 25 MPH and the Lane Keep Assist Feature cannot be activated at speeds below 37 MPH. This crash occurred as unit 1 was going North on [XXX] in Maxatawny Township, Berks County. Unit 1 then went off the right side of the roadway and struck a house. Unit 1 was towed from the scene. Operator 1 and homeowner were transported to nearby local hospital to be treated for minor injuries.";"archive_SGO-2021-01_Incident_Reports_ADS.csv"
"10003-3210-v1";"10003-3210";1;"true";"archive_2021_to_2025";"ADS";"Navistar, Inc.";"Monthly";"2022-06-01";"19fed228241ac11";"International";"LT625";"2021";"Unknown, see Narrative";"";"2022-04-01";"2022";"4";"59d489f93e681d4";"";"";"Tucson";"AZ";"Highway / Freeway";"Other Fixed Object";"No Injuries Reported";"false";"false";"false";"false";"false";"false";"false";"All of the data in this report and the following text is an excerpt from TuSimples original submission (30370-2949-1) and constitutes Navistars sole understanding of this event.
TuSimple's position is that this event does not meet the criteria for reporting under the SGO.
Specifically, the L4 ADS was not in operation at any point in the 30 seconds prior to making contact with the concrete barrier.
The event occurred as follows:
As the truck was being operated on the highway, within its mapped ODD, the driver and test engineer attempted to engage the ADS.
However, the ADS was not functional at that moment due to the computer unit not having been initialized, and should not have been
attempted to be activated. In short, this was a failed attempt to engage the system as a result of human error.
The system has now been modified to prevent the ADS from attempting to engage unless the health of the system is fully functional to
prevent human error from repeating this event.
When the erroneous attempt to engage occurred, the uninitialized vehicle control unit rotated the steering to the left, causing the truck to
veer left. The safety driver took control of the steering, and was able to steer accordingly, but not before the left front truck tire and left
front quarter panel came into contact with the concrete barrier to the left of the lanes of travel.";"archive_SGO-2021-01_Incident_Reports_ADS.csv"
"10003-4179-v1";"10003-4179";1;"true";"archive_2021_to_2025";"ADAS";"Navistar, Inc.";"1-Day";"2022-11-01";"2edb735ade65325";"International";"LT";"2022";"ADAS";"";"2022-10-01";"2022";"10";"a85241c65b196c7";"";"";"N/A";"MD";"Highway / Freeway";"Passenger Car";"Unknown";"false";"";"false";"false";"false";"false";"true";"At this time, the status of the LKA system during this event is unknown. Vehicles 1 and 2 were Southbound on [XXX] at the [XXX]. V1 (Lexus) was in lane 2 (Middle Lane) and V2 (truck) was in lane 3 (Right lane). V1 began drifting into lane 3 subsequently striking the left front of V2. Both vehicles then lost control and exited the roadway. V2 then overturned on the sight side embankment. Operator of V1 was issued citation.";"archive_SGO-2021-01_Incident_Reports_ADAS.csv"
"10003-6050-v2";"10003-6050";2;"true";"archive_2021_to_2025";"ADAS";"Navistar, Inc.";"Update";"2024-08-01";"b118d2fffb95a30";"International";"LT625";"2022";"Unknown, see Narrative";"";"2022-12-01";"2022";"12";"107615b2f60ddf7";"";"";"Natural Bridge";"VA";"Highway / Freeway";"Other Fixed Object";"No Injuries Reported";"false";"false";"false";"false";"false";"false";"true";"This vehicle is equipped with Lane Keep Assist (LKA) feature. At this time, the status of the LKA system during this event is unknown. Vehicle 1 (V1) was Northbound on [XXX] in [XXX] County near Natural Bridge, Virginia. As stated in the police report, V1 ran off road left, struck the guardrail, went over embankment, and struck several trees. V1 was towed from the scene and operator of V1 was issued a citation. The road at the crash location curves to the right. Available EDR data indicates no significant changes in speed or direction in the 7 seconds prior to the incident.";"archive_SGO-2021-01_Incident_Reports_ADAS.csv"
"10039-10291-v3";"10039-10291";3;"true";"archive_2021_to_2025";"ADAS";"BMW of North America, LLC";"Update";"2025-04-01";"b9b971d94a0ba4e";"BMW";"i5 xDrive40";"";"ADAS";"";"2025-03-01";"2025";"3";"80af11971012830";"";"";"Washington";"NJ";"Highway / Freeway";"Other Fixed Object";"Minor";"false";"false";"false";"false";"false";"false";"false";"[REDACTED, MAY CONTAIN CONFIDENTIAL BUSINESS INFORMATION]";"archive_SGO-2021-01_Incident_Reports_ADAS.csv"
"10039-10316-v4";"10039-10316";4;"true";"archive_2021_to_2025";"ADAS";"BMW of North America, LLC";"Update";"2025-05-01";"a5816bcbe3d02fd";"BMW";"XM";"2023";"ADAS";"";"2025-03-01";"2025";"3";"4b7b5c197df23b5";"";"";"Benton County";"AR";"Highway / Freeway";"First Responder Vehicle";"Minor";"false";"false";"false";"false";"false";"false";"false";"[REDACTED, MAY CONTAIN CONFIDENTIAL BUSINESS INFORMATION]";"archive_SGO-2021-01_Incident_Reports_ADAS.csv"
"10039-11989-v5";"10039-11989";5;"true";"third_amendment_2025_plus";"ADAS";"BMW of North America, LLC";"Update";"2026-02-01";"6db33c569cf4c36";"BMW";"X5";"2025";"ADAS";"Verified Engaged";"2025-10-01";"2025";"10";"cdfe07af14c61c9";"";"";"Summit-Argo";"IL";"Highway / Freeway";"Other, see Narrative";"No Injured Reported";"false";"false";"false";"false";"true";"false";"true";"[REDACTED, MAY CONTAIN CONFIDENTIAL BUSINESS INFORMATION]";"SGO-2021-01_Incident_Reports_ADAS.csv"
"10039-13203-v4";"10039-13203";4;"true";"third_amendment_2025_plus";"ADAS";"BMW of North America, LLC";"Update";"2026-02-01";"7eec1752edce137";"BMW";"X3";"2025";"ADAS";"Verified Engaged";"2025-11-01";"2025";"11";"62bf650416b01c3";"";"";"";"UNK";"Highway / Freeway";"Pole / Tree";"No Injured Reported";"false";"false";"false";"false";"true";"false";"false";"[REDACTED, MAY CONTAIN CONFIDENTIAL BUSINESS INFORMATION]";"SGO-2021-01_Incident_Reports_ADAS.csv"
"10039-13214-v1";"10039-13214";1;"true";"third_amendment_2025_plus";"ADAS";"BMW of North America, LLC";"5-Day";"2025-11-01";"53943a538591e8e";"BMW";"M5";"2026";"ADAS";"Verified Engaged";"2025-10-01";"2025";"10";"1ab2b4790cb2329";"";"";"Teaneck";"NJ";"Highway / Freeway";"Other Fixed Object";"Minor W/O Hospitalization";"false";"true";"true";"false";"true";"false";"true";"[REDACTED, MAY CONTAIN CONFIDENTIAL BUSINESS INFORMATION]";"SGO-2021-01_Incident_Reports_ADAS.csv"
"10039-13368-v2";"10039-13368";2;"true";"third_amendment_2025_plus";"ADAS";"BMW of North America, LLC";"Update";"2026-01-01";"42ec1ce85ed7921";"BMW";"530i";"2024";"ADAS";"Verified Engaged";"2025-10-01";"2025";"10";"5342e690698d92a";"";"";"Winston-Salem";"NC";"Highway / Freeway";"Passenger Car";"Minor W/O Hospitalization";"false";"true";"true";"false";"true";"false";"false";"[REDACTED, MAY CONTAIN CONFIDENTIAL BUSINESS INFORMATION]";"SGO-2021-01_Incident_Reports_ADAS.csv"
"10039-14285-v1";"10039-14285";1;"true";"third_amendment_2025_plus";"ADAS";"BMW of North America, LLC";"5-Day";"2026-03-01";"cafa4cebf6badcf";"MINI";"Countryman";"2025";"ADAS";"Verified Engaged";"2025-12-01";"2025";"12";"33822617cd21c71";"";"";"Karnack";"TX";"Rural Road";"Pole / Tree";"Serious W/ Hospitalization";"false";"true";"true";"false";"true";"false";"false";"[REDACTED, MAY CONTAIN CONFIDENTIAL BUSINESS INFORMATION]";"SGO-2021-01_Incident_Reports_ADAS.csv"
"10039-14855-v1";"10039-14855";1;"true";"third_amendment_2025_plus";"ADAS";"BMW of North America, LLC";"5-Day";"2026-05-01";"482d8db2461f0df";"BMW";"i4";"2023";"ADAS";"Verified Engaged";"2026-02-01";"2026";"2";"abacd503f95382e";"";"";"Dover";"DE";"Highway / Freeway";"Heavy Truck";"Moderate W/O Hospitalization";"false";"true";"true";"false";"true";"false";"false";"[REDACTED, MAY CONTAIN CONFIDENTIAL BUSINESS INFORMATION]";"SGO-2021-01_Incident_Reports_ADAS.csv"
"10039-14963-v1";"10039-14963";1;"true";"third_amendment_2025_plus";"ADAS";"BMW of North America, LLC";"5-Day";"2026-05-01";"e5373c34a49ad0d";"BMW";"X7";"2026";"ADAS";"Verified Engaged";"2026-04-01";"2026";"4";"a007315451fa04a";"";"";"North Brunswick";"NJ";"Highway / Freeway";"Passenger Car";"Serious W/ Hospitalization";"false";"true";"true";"false";"true";"false";"false";"[REDACTED, MAY CONTAIN CONFIDENTIAL BUSINESS INFORMATION]";"SGO-2021-01_Incident_Reports_ADAS.csv"
"10039-1520-v4";"10039-1520";4;"true";"archive_2021_to_2025";"ADAS";"BMW of North America, LLC";"Update";"2021-12-01";"eb15b4d48604ec6";"BMW";"X5M";"2021";"ADAS";"";"2021-08-01";"2021";"8";"78c121e2e008b3b";"";"";"sacramento";"CA";"Unknown";"Unknown";"Unknown";"false";"";"false";"false";"false";"false";"false";"Final Update December [XXX], 2021: [REDACTED CONFIDENTIAL BUSINESS INFORMATION]
As of November [XXX], 2021, there is no update. 
As of November [XXX], 2021, there is no update. 
Per the insurance company, the customer allegedly [REDACTED CONFIDENTIAL BUSINESS INFORMATION]";"archive_SGO-2021-01_Incident_Reports_ADAS.csv"
"10039-1548-v5";"10039-1548";5;"true";"archive_2021_to_2025";"ADAS";"BMW of North America, LLC";"Update";"2021-11-01";"b04a9a933304ad0";"BMW";"530i";"2021";"ADAS";"";"";"";"";"";"";"";"Houston";"TX";"Highway / Freeway";"Other Fixed Object";"No Injuries Reported";"false";"false";"false";"false";"false";"false";"false";"Final Update November [XXX], 2021: [REDACTED CONFIDENTIAL BUSINESS INFORMATION]
As of November [XXX], 2021, there is no update. 
According to the customer, [REDACTED CONFIDENTIAL BUSINESS INFORMATION]";"archive_SGO-2021-01_Incident_Reports_ADAS.csv"
"10039-3261-v4";"10039-3261";4;"true";"archive_2021_to_2025";"ADAS";"BMW of North America, LLC";"Update";"2022-08-01";"a7c7ebd42ad7f0a";"BMW";"540i";"2022";"Unknown, see Narrative";"";"2022-06-01";"2022";"6";"a16e8321a043d3c";"";"";"Watermill";"NY";"Highway / Freeway";"Heavy Truck";"Minor";"false";"false";"false";"false";"false";"false";"false";"Customer narrative:  [REDACTED, MAY CONTAIN CONFIDENTIAL BUSINESS INFORMATION]
BMW comment:  [REDACTED, MAY CONTAIN CONFIDENTIAL BUSINESS INFORMATION]";"archive_SGO-2021-01_Incident_Reports_ADAS.csv"
"10039-3997-v3";"10039-3997";3;"true";"archive_2021_to_2025";"ADAS";"BMW of North America, LLC";"10-Day Update";"2022-10-01";"ad2ea12f2fb7279";"BMW";"X5 sDrive40i";"2020";"ADAS";"";"2022-05-01";"2022";"5";"b0d7623135b08c0";"";"";"Refugio";"TX";"Highway / Freeway";"Pole / Tree";"Serious";"false";"false";"false";"false";"false";"false";"true";"Customer states on the evening of May [XXX], 2022, the vehicle was traveling SB on [XXX] in Refugio, TX.  Customer stated that he was in the right lane driving at a speed of approximately 75 mph when he came upon an animal blocking his path. Trying to avoid the animal, the driver veered left, towards the center median/ditch. Customer stated that in an attempt to stay out of the ditch the customer overcorrected the vehicle and drove the vehicle off the right (west) side of the road and into a tree located on the west shoulder. 
[REDACTED, MAY CONTAIN CONFIDENTIAL BUSINESS INFORMATION]";"archive_SGO-2021-01_Incident_Reports_ADAS.csv"
"10039-4636-v4";"10039-4636";4;"true";"archive_2021_to_2025";"ADAS";"BMW of North America, LLC";"Update";"2023-02-01";"b41dfbb469894c8";"BMW";"X5";"2022";"ADAS";"";"2022-12-01";"2022";"12";"5e2e6831c0f278a";"";"";"Fairfield";"CA";"Highway / Freeway";"Other Fixed Object";"Minor";"false";"false";"false";"false";"false";"false";"false";"Customer states on December [XXX], 2022, at 7:05 AM, she was driving NE on [XXX] in Fairfield, California.  Customer states she was driving at approximately 70mph, using active cruise control and lane steering assistant.  Customer stated she fell asleep while driving for about 30 seconds.  Customer stated that the vehicle veered left, crossing 2 lanes and collided into a barrier on the front right side.  The vehicle rolled once and landed right side up inside a work zone.  The driver was transported to the hospital and released with minor injuries.
1/23/2023- 10 Day Update- [REDACTED, MAY CONTAIN CONFIDENTIAL BUSINESS INFORMATION]
2/15/2023- Monthly update- [REDACTED, MAY CONTAIN CONFIDENTIAL BUSINESS INFORMATION]";"archive_SGO-2021-01_Incident_Reports_ADAS.csv"
"10039-4932-v5";"10039-4932";5;"true";"archive_2021_to_2025";"ADAS";"BMW of North America, LLC";"Update";"2023-05-01";"2413c588f95422d";"BMW";"745e xDrive";"2020";"ADAS";"";"2023-02-01";"2023";"2";"aa89214715e1b1f";"";"";"Waltham";"MA";"Highway / Freeway";"Passenger Car";"No Injuries Reported";"false";"false";"false";"false";"false";"false";"false";"[REDACTED, MAY CONTAIN CONFIDENTIAL BUSINESS INFORMATION]";"archive_SGO-2021-01_Incident_Reports_ADAS.csv"
"10039-5057-v4";"10039-5057";4;"true";"archive_2021_to_2025";"ADAS";"BMW of North America, LLC";"Update";"2023-05-01";"825e14d419cb14e";"BMW";"X5 M50i";"2022";"ADAS";"";"2023-03-01";"2023";"3";"c39062638c4bc4c";"";"";"Phoenix";"AZ";"Highway / Freeway";"Van";"Moderate";"false";"false";"false";"false";"false";"false";"false";"[REDACTED, MAY CONTAIN CONFIDENTIAL BUSINESS INFORMATION]";"archive_SGO-2021-01_Incident_Reports_ADAS.csv"
"10039-6029-v5";"10039-6029";5;"true";"archive_2021_to_2025";"ADAS";"BMW of North America, LLC";"Update";"2023-10-01";"d7778038a2eeea6";"BMW";"iX xDrive50";"2023";"ADAS";"";"2023-05-01";"2023";"5";"f9ac60f561cdde2";"";"";"";"NJ";"Highway / Freeway";"Other Fixed Object";"No Injuries Reported";"false";"false";"false";"false";"false";"false";"false";"[REDACTED, MAY CONTAIN CONFIDENTIAL BUSINESS INFORMATION]";"archive_SGO-2021-01_Incident_Reports_ADAS.csv"
"10039-6771-v3";"10039-6771";3;"true";"archive_2021_to_2025";"ADAS";"BMW of North America, LLC";"Update";"2024-01-01";"d10aeeac381d8fc";"BMW";"X5 xDrive45e";"2021";"ADAS";"";"2023-12-01";"2023";"12";"0fab32ab3e6ced6";"";"";"Paramus";"NJ";"Highway / Freeway";"Other Fixed Object";"Minor";"false";"false";"false";"false";"false";"false";"false";"[REDACTED, MAY CONTAIN CONFIDENTIAL BUSINESS INFORMATION]";"archive_SGO-2021-01_Incident_Reports_ADAS.csv"
"10039-6833-v4";"10039-6833";4;"true";"archive_2021_to_2025";"ADAS";"BMW of North America, LLC";"Update";"2024-02-01";"29c2d5bc98ea995";"BMW";"iX xDrive50";"2023";"ADAS";"";"2023-12-01";"2023";"12";"dd9ce4e15764e8f";"";"";"Bel Air";"MD";"Highway / Freeway";"Other Fixed Object";"No Injuries Reported";"false";"false";"false";"false";"false";"false";"false";"[REDACTED, MAY CONTAIN CONFIDENTIAL BUSINESS INFORMATION]";"archive_SGO-2021-01_Incident_Reports_ADAS.csv"
"10039-7994-v3";"10039-7994";3;"true";"archive_2021_to_2025";"ADAS";"BMW of North America, LLC";"Update";"2024-08-01";"d56505d127b8df8";"BMW";"M440i xDrive Coupe";"2021";"Unknown, see Narrative";"";"2024-06-01";"2024";"6";"0edea2f71d88716";"";"";"Coco Beach";"FL";"Highway / Freeway";"Heavy Truck";"Minor";"false";"false";"false";"false";"false";"false";"true";"[REDACTED, MAY CONTAIN CONFIDENTIAL BUSINESS INFORMATION]";"archive_SGO-2021-01_Incident_Reports_ADAS.csv"
"10039-8653-v3";"10039-8653";3;"true";"archive_2021_to_2025";"ADAS";"BMW of North America, LLC";"Update";"2024-10-01";"536b485dac7c987";"BMW";"i4 eDrive35";"2024";"Unknown, see Narrative";"";"2024-09-01";"2024";"9";"c600faae8e2c77b";"";"";"";"CA";"Highway / Freeway";"Passenger Car";"No Injuries Reported";"false";"false";"false";"false";"false";"false";"false";"[REDACTED, MAY CONTAIN CONFIDENTIAL BUSINESS INFORMATION]";"archive_SGO-2021-01_Incident_Reports_ADAS.csv"
"10039-8934-v2";"10039-8934";2;"true";"archive_2021_to_2025";"ADAS";"BMW of North America, LLC";"10-Day Update";"2024-11-01";"7b2b26c9c1bf742";"BMW";"i7 xDrive60";"2023";"Unknown, see Narrative";"";"2024-10-01";"2024";"10";"ff4b2addf99ef23";"";"";"";"CA";"Highway / Freeway";"Other Fixed Object";"No Injuries Reported";"false";"false";"false";"false";"false";"false";"false";"[REDACTED, MAY CONTAIN CONFIDENTIAL BUSINESS INFORMATION]";"archive_SGO-2021-01_Incident_Reports_ADAS.csv"
"10039-9008-v3";"10039-9008";3;"true";"archive_2021_to_2025";"ADAS";"BMW of North America, LLC";"Update";"2024-12-01";"f1e63eee864a3f3";"BMW";"iX xDrive50";"2022";"Unknown, see Narrative";"";"2024-10-01";"2024";"10";"631fce8447939ef";"";"";"Upland";"CA";"Highway / Freeway";"Other Fixed Object";"No Injuries Reported";"false";"false";"false";"false";"false";"false";"false";"[REDACTED, MAY CONTAIN CONFIDENTIAL BUSINESS INFORMATION]";"archive_SGO-2021-01_Incident_Reports_ADAS.csv"
"10039-9040-v4";"10039-9040";4;"true";"archive_2021_to_2025";"ADAS";"BMW of North America, LLC";"Update";"2025-01-01";"bae8245a741c806";"BMW";"760i xDrive Sedan";"2024";"ADAS";"";"2024-09-01";"2024";"9";"a0027274e716a33";"";"";"";"VA";"Rural Road";"Other, see Narrative";"Moderate";"false";"false";"false";"false";"false";"false";"false";"[REDACTED, MAY CONTAIN CONFIDENTIAL BUSINESS INFORMATION]";"archive_SGO-2021-01_Incident_Reports_ADAS.csv"
"10039-9272-v2";"10039-9272";2;"true";"archive_2021_to_2025";"ADAS";"BMW of North America, LLC";"Update";"2024-12-01";"f19de1c4c7eb9bc";"BMW";"X7 xDrive40i";"2021";"Unknown, see Narrative";"";"2024-12-01";"2024";"12";"98b8e4e88383c27";"";"";"Natchitoches";"LA";"Highway / Freeway";"Other Fixed Object";"No Injuries Reported";"false";"false";"false";"false";"false";"false";"false";"[REDACTED, MAY CONTAIN CONFIDENTIAL BUSINESS INFORMATION]";"archive_SGO-2021-01_Incident_Reports_ADAS.csv"
"10039-9352-v2";"10039-9352";2;"true";"archive_2021_to_2025";"ADAS";"BMW of North America, LLC";"Update";"2025-01-01";"eaab4b217964152";"BMW";"i7 eDrive50";"2024";"Unknown, see Narrative";"";"2024-11-01";"2024";"11";"1c8bb5d19658b53";"";"";"";"CA";"Highway / Freeway";"Other Fixed Object";"No Injuries Reported";"false";"false";"false";"false";"false";"false";"false";"[REDACTED, MAY CONTAIN CONFIDENTIAL BUSINESS INFORMATION]";"archive_SGO-2021-01_Incident_Reports_ADAS.csv"
"10039-9844-v2";"10039-9844";2;"true";"archive_2021_to_2025";"ADAS";"BMW of North America, LLC";"10-Day Update";"2025-02-01";"243cee4fe39591d";"BMW";"iX xDrive50";"2024";"ADAS";"";"2024-10-01";"2024";"10";"42285db4ec287dc";"";"";"";"NY";"Highway / Freeway";"SUV";"No Injuries Reported";"false";"false";"false";"false";"false";"false";"false";"[REDACTED, MAY CONTAIN CONFIDENTIAL BUSINESS INFORMATION]";"archive_SGO-2021-01_Incident_Reports_ADAS.csv"
"1042-2072-v3";"1042-2072";3;"true";"archive_2021_to_2025";"ADAS";"Porsche Cars North America, Inc.";"Update";"2022-06-01";"a809a3fbe856453";"Porsche";"Cayenne E-hybrid";"2022";"ADAS";"";"2021-12-01";"2021";"12";"572462203aa9640";"";"";"Sandy Springs";"GA";"Intersection";"SUV";"Minor";"false";"false";"false";"false";"false";"false";"true";"Subject vehicle was traveling straight and another vehicle turned left into the path of the subject vehicle. The customer feels the automatic braking feature of the subject vehicle should have activated.";"archive_SGO-2021-01_Incident_Reports_ADAS.csv"
"1042-2343-v3";"1042-2343";3;"true";"archive_2021_to_2025";"ADAS";"Porsche Cars North America, Inc.";"Update";"2022-03-01";"d04eb2cbab51798";"Porsche";"Taycan 4 Cross Turismo";"2021";"ADAS";"";"2022-02-01";"2022";"2";"e5ba340558470c4";"";"";"";"UNK";"Unknown";"Unknown";"No Injuries Reported";"false";"false";"false";"false";"false";"false";"false";"UPDATE 3/[XXX]/2022: This report was submitted in error, the Level 0 ADAS which was active at the time of the crash does not meet the SGO reporting criteria threshold.
Subject vehicle was traveling at 40mph and another vehicle stopped in front of the subject vehicle in the path of the subject vehicle. Customer states that the subject vehicle did not stop as it should have.
Customer Complaint statement: ""Customer states that he was traveling at 40mph and a truck stopped in front of him. The car did not react or brake and he had to swerve to the right to miss the truck and hit another object. Customer states that car did not stop the collision as it should have.""""""";"archive_SGO-2021-01_Incident_Reports_ADAS.csv"
"10561-1595-v2";"10561-1595";2;"true";"archive_2021_to_2025";"ADAS";"APTIV";"Update";"2021-11-01";"b1622ef286d26bf";"Jeep";"Grand Cherokee";"2021";"ADAS";"";"2021-11-01";"2021";"11";"d3825fdba7cadca";"";"";"Lincolnwood";"IL";"Highway / Freeway";"Pickup Truck";"Unknown";"false";"";"false";"false";"false";"false";"true";"[REDACTED, MAY CONTAIN CONFIDENTIAL BUSINESS INFORMATION]";"archive_SGO-2021-01_Incident_Reports_ADAS.csv"
"10561-6934-v2";"10561-6934";2;"true";"archive_2021_to_2025";"OTHER";"APTIV";"10-Day Update";"2024-01-01";"4791b69d175fe60";"Ford";"Mustang Mach-E";"2023";"ADAS";"";"2024-01-01";"2024";"1";"772731488964289";"";"";"Las Vegas";"NV";"Intersection";"Other, see Narrative";"No Injuries Reported";"false";"false";"false";"false";"false";"false";"true";"This is a follow up to the e-mail submitted on January 6, 2024, during the portal maintenance period, and to the supplemental disclosure submitted on January 8, 2024, through the portal. This report supplements and clarifies the previous submissions. 
The incident occurred about 09:50 PST on Jan [XXX], 2024 near the intersection of [XXX] and [XXX], Las Vegas, NV. There were no injuries reported to Aptiv as a result of the crash involving the subject vehicle.
The subject vehicle with Level 2 ADAS engaged was southbound on [XXX] approaching  [XXX].  The subject vehicle was traveling about 30 MPH in the right lane.  An e-scooter was southbound ahead of the subject vehicle in the right turn lane of [XXX] (in the roadway).  The e-scooter then drove into the pedestrian cross-walk from the designated right turning lane, crossed [XXX] and attempted to enter the north/south sidewalk from the roadway.  After entering the sidewalk, the rider of the e-scooter lost control and the rider and e-scooter re-entered the right lane of [XXX].  The rider fell into the road near the curb where he remained, but the e-scooter slid out from under the rider and continued to slide across the roadway until its front wheel reached the middle of the right lane.  The subject vehicle was not involved with nor did it contribute to the rider of the e-scooter losing control or with either the e-scooter or rider re-entering the roadway.
The subject vehicle driver was monitoring the e-scooter and had prepared to react when he noticed the e-scooter attempting to enter the sidewalk.  The subject vehicle driver manually applied the brakes when the e-scooter lost control and entered the roadway from the sidewalk.  The driver's application of the brakes automatically disengaged the Level 2 ADAS system.  The subject vehicle driver also moved left in lane, but was limited by an adjacent vehicle.  The subject vehicle made contact and damaged the front wheel of the e-scooter.  The subject vehicle did not contact the e-scooter rider or any other vehicles at any point.";"archive_SGO-2021-01_Incident_Reports_OTHER.csv"
"10561-7760-v2";"10561-7760";2;"true";"archive_2021_to_2025";"ADAS";"APTIV";"10-Day Update";"2024-05-01";"";"Ford";"Mach E";"";"ADAS";"";"";"";"";"";"";"";"";"UNK";"Unknown";"Unknown";"Fatality";"true";"true";"false";"false";"false";"false";"false";"For the 10 day update, Aptiv has no additional information. 
NHTSA recently opened a Preliminary Evaluation PE24-012 into incidents involving Fords BlueCruise system which was prompted by two Standing General Order (SGO) reports submitted by Ford.  Aptiv learned of the opening of PE24-012 through media coverage.  Aptiv does not have independent knowledge of the underlying incidents beyond the information contained in NHTSAs Opening Resume for PE24-012.  While Aptiv does not believe it has received notice as defined in the SGO, following a conversation with NHTSA on May 21, 2024, it is supplying this report for purposes of transparency and consistent with the spirit of the SGO.  
 
This report relates to the same incidents as those addressed by the following Report IDs:  33175-7402, 502-7268, and 502-7426.";"archive_SGO-2021-01_Incident_Reports_ADAS.csv"
"10561-8671-v2";"10561-8671";2;"true";"archive_2021_to_2025";"ADAS";"APTIV";"10-Day Update";"2024-10-01";"8058870a8eb2b52";"Dodge";"Charger BEV";"2024";"ADAS";"";"2024-09-01";"2024";"9";"80ff8512cc95537";"";"";"Baltimore";"MD";"Intersection";"SUV";"Minor";"false";"false";"false";"false";"false";"false";"true";"Updates have been made since the 1-day submission based on additional information. 
The subject vehicle is a preproduction Stellantis-owned development vehicle. The vehicle was in operation for the purpose of ADAS development. Vehicle communication bus data, ADAS system data, and video prior to the collision are available from the subject vehicle. 
The subject vehicle was northbound on [XXX]approaching [XXX], intending to turn left on [XXX]. Adaptive Cruise Control (ACC) was engaged. Based on the recorded data, the subject driver applied the brakes when approaching the intersection, which disengaged the ACC prior to turning left. The other vehicle (southbound on [XXX]) collided with the subject vehicle when the subject vehicle turned left through the intersection. Subject vehicle's ADAS was disengaged and did not contribute to the collision.
After the collision, airbags deployed in both vehicles. The two occupants of the subject vehicle and the driver of the other vehicle were evaluated at the scene by EMS. No one was transported to the hospital from the scene. Both vehicles were towed away. Later, both occupants of the subject vehicle underwent precautionary evaluation at a medical clinic and were released.";"archive_SGO-2021-01_Incident_Reports_ADAS.csv"
"12381-10172-v2";"12381-10172";2;"true";"archive_2021_to_2025";"ADAS";"Daimler Trucks North America, LLC";"Update";"2025-04-01";"e571cc17e954dab";"FREIGHTLINER";"CASCADIA";"2025";"ADAS";"";"2025-02-01";"2025";"2";"6d9d41b6654512a";"";"";"Sidney";"OH";"Highway / Freeway";"Other, see Narrative";"Unknown";"false";"";"false";"false";"false";"false";"true";"On March [XXX], 2025, Daimler Truck North America (DTNA) was notified of an incident involving a 2025 Freightliner Cascadia traveling on Eastbound [XXX] near Sidney, Ohio. [REDACTED, MAY CONTAIN CONFIDENTIAL BUSINESS INFORMATION]. DTNA's current, best information is that the driver fell asleep with hands on the wheel. The vehicle departed the lane to the right and then, after the driver's attempt to correct the direction of travel, overturned and came to rest on the passenger side of the vehicle on the road. On April 8, 2025, DTNA is updating its report to indicate the presence of a police report since initial submission.";"archive_SGO-2021-01_Incident_Reports_ADAS.csv"
"12381-11624-v2";"12381-11624";2;"true";"third_amendment_2025_plus";"ADAS";"Daimler Trucks North America, LLC";"Update";"2025-10-01";"d1e6193160f6c22";"FREIGHTLINER";"Cascadia";"2025";"ADAS";"Verified Engaged";"2025-09-01";"2025";"9";"9001d09cb13401d";"";"";"Cheyenne";"WY";"Highway / Freeway";"Other Fixed Object";"Property Damage. No Injured Reported";"false";"false";"false";"false";"true";"false";"false";"On September 4, 2025, Daimler Truck North America (DTNA) was notified of an incident that occurred September [XXX], 2025 involving a 2025 Freightliner Cascadia traveling on Southbound [XXX] near [XXX] in Cheyenne, Wyoming involving a single vehicle event with property damage. [REDACTED, MAY CONTAIN CONFIDENTIAL BUSINESS INFORMATION]";"SGO-2021-01_Incident_Reports_ADAS.csv"
"12381-13784-v2";"12381-13784";2;"true";"third_amendment_2025_plus";"ADAS";"Daimler Trucks North America, LLC";"Update";"2026-02-01";"76d9b16ce63a694";"FREIGHTLINER";"Cascadia";"2025";"ADAS";"Verified Engaged";"2025-10-01";"2025";"10";"111c814a88bb5a7";"";"";"Government Camp";"OR";"Highway / Freeway";"Other Fixed Object";"Minor W/O Hospitalization";"false";"true";"true";"false";"false";"false";"false";"On October [XXX], 2025, a single-vehicle accident occurred involving a 2025 Freightliner Cascadia traveling on [XXX] East near Government Camp, Oregon. [REDACTED, MAY CONTAIN CONFIDENTIAL BUSINESS INFORMATION] The vehicle impacted a guardrail then various trees before coming to rest against a downed tree. The driver was transported to hospital, discharged without hospitalization, and recovered at home. The vehicle was towed from the scene.

On February 02, 2026, DTNA is updating its report to reflect that the incident data available was from a direct-vehicle connection, not via a telematics connection.";"SGO-2021-01_Incident_Reports_ADAS.csv"
"12381-14900-v2";"12381-14900";2;"true";"third_amendment_2025_plus";"ADAS";"Daimler Trucks North America, LLC";"Update";"2026-06-01";"2c2ad9048e33393";"FREIGHTLINER";"CASCADIA FIFTH GEN";"2024";"ADAS";"Verified Engaged";"2026-05-01";"2026";"5";"d7f830634927755";"";"";"Mountain Home";"TX";"Highway / Freeway";"Heavy Truck";"Minor W/ Hospitalization";"false";"true";"true";"false";"false";"false";"true";"On May [XXX], 2026, at approximately 3 a.m., a 2024 Freightliner Cascadia Fifth Gen was traveling on Interstate [XXX] Eastbound approaching exit [XXX] and impacted the underside of an overturned trailer laying perpendicular to the direction of travel (Crash With/Pre-Crash Movement ""Other";" see Narrative""""). [REDACTED"
"12381-3438-v2";"12381-3438";2;"true";"archive_2021_to_2025";"ADS";"Daimler Trucks North America, LLC";"10-Day Update";"2022-07-01";"333b3dc2fdd5341";"FREIGHTLINER";"Cascadia";"2021";"ADS";"";"2022-07-01";"2022";"7";"3e2bdafd3d96829";"";"";"ALBUQUERQUE";"NM";"Highway / Freeway";"Other, see Narrative";"No Injuries Reported";"false";"false";"false";"false";"false";"false";"false";"The vehicle was traveling with ADS engaged eastbound on [XXX] in the second lane from the left near [XXX]. [REDACTED, MAY CONTAIN CONFIDENTIAL BUSINESS INFORMATION] After the driver disengaged ADS, the truck's passenger side steer tire rolled over the object and the object punctured the passenger side fuel tank. Fuel began to leak from the tank and the driver pulled onto the shoulder and stopped to assess the situation. The NM State Police arrived on the scene and the truck was towed to a secure location. The NM DOT performed the initial cleanup of the fuel at the scene and a vendor was secured by the operator to complete the cleanup process. Damage to the fuel tank was the only damage resulting from the incident. The features of the ADS that were engaged just prior to the incident were: Adaptive Cruise Control, Lane Keep, Lane change and Ending Lanes. Data Availability, Other: ADS related data";"archive_SGO-2021-01_Incident_Reports_ADS.csv"
"12381-3536-v2";"12381-3536";2;"true";"archive_2021_to_2025";"ADAS";"Daimler Trucks North America, LLC";"10-Day Update";"2022-08-01";"b1a11ddd49cb4a4";"Freightliner";"Cascadia";"2022";"ADAS";"";"2022-07-01";"2022";"7";"00cd6c799062fc0";"";"";"Keokuk";"IA";"Highway / Freeway";"Other, see Narrative";"No Injuries Reported";"false";"false";"false";"false";"false";"false";"false";"On August [XXX], 2022, Daimler Truck was notified of an alleged fire on the rear of the trailer in a 2022 Freightliner Cascadia, that occurred after the vehicle was leaving a repair facility.  The incident was alleged to happen somewhere on the [XXX] in Keokuk, Iowa.  The vehicle has a Detroit Assurance 5.0 system and would have had to have been towed from the incident, so even though we have no allegation that implicates the ADAS system, we are reporting this out of an abundance of caution.";"archive_SGO-2021-01_Incident_Reports_ADAS.csv"
"12381-3557-v1";"12381-3557";1;"true";"archive_2021_to_2025";"ADS";"Daimler Trucks North America, LLC";"Monthly";"2022-08-01";"5310696cce8fa26";"Freightliner";"Cascadia";"2021";"ADS";"";"2022-07-01";"2022";"7";"66ee1d58acd3680";"";"";"Santa Rosa";"NM";"Highway / Freeway";"Other, see Narrative";"No Injuries Reported";"false";"false";"false";"false";"false";"false";"false";"The vehicle was traveling with ADS engaged westbound on [XXX] in the right lane near [XXX]. [REDACTED, MAY CONTAIN CONFIDENTIAL BUSINESS INFORMATION] After the driver disengaged the ADS, the truck straddled the object, with its tires passing to each side. The object made contact with cap of the transmission air tank and pulled the cap off. The air in the tank was released and the driver pulled onto the shoulder and stopped to assess the situation. A vendor replaced the cap and the truck returned to the home terminal as planned. The cap to the air tank was the only damage resulting from the incident. No other vehicles were involved. The features of the ADS that were engaged just prior to the incident were: Adaptive Cruise Control, Lane Keep, Lane change and Ending Lanes. For details and data, see Torc Robotics report submission number 30330-3561-1. Data Availability, Other: ADS related.";"archive_SGO-2021-01_Incident_Reports_ADS.csv"
"12381-4095-v2";"12381-4095";2;"true";"archive_2021_to_2025";"ADAS";"Daimler Trucks North America, LLC";"10-Day Update";"2022-11-01";"3212ca89f2300c1";"Freightliner";"Cascadia";"2022";"Unknown, see Narrative";"";"2022-10-01";"2022";"10";"f115f56ccbe3776";"";"";"";"IN";"Highway / Freeway";"Other, see Narrative";"Unknown";"false";"";"false";"false";"false";"false";"false";"On October [XXX], 2022, Daimler Truck was notified of an incident involving a 2022 Freightliner Cascadia traveling [XXX]. [REDACTED, MAY CONTAIN CONFIDENTIAL BUSINESS INFORMATION]. The subject vehicle did not collide with any other road users or vehicles. Final resting place of the vehicle occurred when the subject vehicle traveled through some trees and impacted a building. There were no occupants in the building that the subject vehicle struck. DTNA is providing this information in good faith and in an abundance of caution.";"archive_SGO-2021-01_Incident_Reports_ADAS.csv"
"12381-4852-v4";"12381-4852";4;"true";"archive_2021_to_2025";"ADAS";"Daimler Trucks North America, LLC";"Update";"2023-04-01";"c28a8e80da47730";"FREIGHTLINER";"Cascadia";"2022";"ADAS";"";"2023-01-01";"2023";"1";"e6bea3e50eaf542";"";"";"Lexington";"SC";"Highway / Freeway";"Heavy Truck";"No Injuries Reported";"false";"false";"false";"false";"false";"false";"false";"On February [XXX], 2023, Daimler Truck was notified of an incident involving a 2022 Freightliner Cascadia traveling on [XXX] near [XXX]. [REDACTED, MAY CONTAIN CONFIDENTIAL BUSINESS INFORMATION] The subject vehicle collided with another heavy vehicle then subsequently the median cable barrier. Final resting place was the grass median dividing east and westbound lanes. DTNA is providing this information in good faith and in an abundance of caution.";"archive_SGO-2021-01_Incident_Reports_ADAS.csv"
"12381-6889-v1";"12381-6889";1;"true";"archive_2021_to_2025";"ADS";"Daimler Trucks North America, LLC";"Monthly";"2024-01-01";"00141332d0a512b";"Freightliner";"Cascadia";"2023";"ADS";"";"2023-12-01";"2023";"12";"df4cd7fa084bc3e";"";"";"Vega";"TX";"Highway / Freeway";"Animal";"No Injuries Reported";"false";"false";"false";"false";"false";"false";"false";"Torc Robotics and Daimler Truck North America (""DTNA"""") are submitting duplicate incident reports (refer to Torc report ID: 30330-6882-1) regarding a deer strike involving a Torc-operated vehicle that occurred in Texas on December [XXX]";" 2023 at 14:35 CST. The vehicle's automated driving system (""""ADS"""") was engaged within 30 seconds prior to the event. Although a deer strike does not appear to meet the SGO's definition of a crash (i.e."
"12381-8659-v2";"12381-8659";2;"true";"archive_2021_to_2025";"ADAS";"Daimler Trucks North America, LLC";"10-Day Update";"2024-09-01";"7ad698f3810f91b";"FREIGHTLINER";"Cascadia";"2023";"ADAS";"";"2023-09-01";"2023";"9";"369f8f9bc2fa8f9";"";"";"Louisville";"KY";"Highway / Freeway";"Heavy Truck";"Serious";"false";"false";"false";"false";"false";"false";"false";"On May 30, 2024, DTNA received notice of representation regarding an incident with injury that occurred September [XXX], 2023, involving a MY2023 Freightliner Cascadia. Although the subject vehicle was equipped with Level 2 ADAS, at that time, DTNA had no indication of ADAS engagement prior to the incident in the notice of representation. Additionally, although DTNA attempted, at that time, to pull telematics data on the subject unit, there was no data found. Accordingly, DTNA had no notice of a Standing General Order- or SGO-reportable event, as defined in the Second Amended Standing General Order 2021-01. [REDACTED, MAY CONTAIN CONFIDENTIAL BUSINESS INFORMATION]
Regarding the incident details, the claimant alleged that the subject vehicle was traveling westbound on [XXX] with ADAS systems engaged. The subject vehicle allegedly experienced a brake pull event causing the vehicle to swerve into a parked semi on the right shoulder.";"archive_SGO-2021-01_Incident_Reports_ADAS.csv"
"1243-10019-v2";"1243-10019";2;"true";"archive_2021_to_2025";"ADAS";"Subaru of America, Inc.";"Update";"2025-04-01";"b53a7979ded2ac2";"Subaru";"Forester";"2022";"ADAS";"";"2025-02-01";"2025";"2";"7304edfcca512b9";"";"";"Weed";"CA";"Highway / Freeway";"Other Fixed Object";"Minor";"false";"false";"false";"false";"false";"false";"false";"Based on the customer's statement, the subject vehicle was travelling at a speed of 50-60 MPH on [XXX] southbound near [XXX] at 12:30 PM (PST) with Adaptive Cruise Control (ACC) and Lane Centering (LCF) engaged. The driver was following a box truck driven by her fiancee. The customer further stated that the vehicle was traveling through a section of highway where a cement divider was close to the lane of travel and that the ""wheel jerked"""". The vehicle struck the divider with the left rear wheel and the vehicle then crossed to the right side of the highway and struck a wall. The customer was unable to state in which direction the wheel had jerked. The customer stated that the vehicle was beeping but the driver was not looking at the dashboard when the incident was occurring. There were no airbags deployed";" and the customer reportedly sustained minor injuries. The subject vehicle was reportedly towed from the scene."
"1243-10331-v3";"1243-10331";3;"true";"archive_2021_to_2025";"ADAS";"Subaru of America, Inc.";"Update";"2025-06-01";"b2cfb46f4073792";"Subaru";"Ascent";"2021";"ADAS";"";"2025-02-01";"2025";"2";"fe761d5cc9ce585";"";"";"Township of Hartland";"OH";"Rural Road";"Other, see Narrative";"Moderate";"false";"false";"false";"false";"false";"false";"true";"According to the customer's statement, the subject vehicle was traveling in a southbound direction of [XXX] in Norwalk, OH with the Adaptive Cruise Control (ACC) and Lane Centering (LCF) engaged. The ACC was set to 60 MPH. The customer further stated that he heard an audible warning ""ding""""";" the LCF deactivated"
"1243-1042-v4";"1243-1042";4;"true";"archive_2021_to_2025";"ADAS";"Subaru of America, Inc.";"Update";"2021-11-01";"6719baa2bf93315";"Subaru";"Outback";"2020";"ADAS";"";"2021-08-01";"2021";"8";"1cc7b603c8e30f5";"";"";"Weston";"WV";"Highway / Freeway";"Other Fixed Object";"No Injuries Reported";"false";"false";"false";"false";"false";"false";"false";"[REDACTED, MAY CONTAIN CONFIDENTIAL BUSINESS INFORMATION]";"archive_SGO-2021-01_Incident_Reports_ADAS.csv"
"1243-10769-v2";"1243-10769";2;"true";"archive_2021_to_2025";"ADAS";"Subaru of America, Inc.";"10-Day Update";"2025-05-01";"0cc8a9469ac4ca4";"Subaru";"Outback";"2020";"ADAS";"";"2025-03-01";"2025";"3";"7f1e59998a53094";"";"";"Princess Anne";"MD";"Highway / Freeway";"Pole / Tree";"Moderate";"false";"false";"false";"false";"false";"false";"false";"According to the customer's statement, the subject vehicle was travelling on [XXX] in Queen Anne, MD with Adaptive Cruise Control (ACC) and Lane Centering (LCF) engaged. The vehicle left the roadway and impacted a tree head-on. The customer indicated that she was wearing a seatbelt and that she was transported to the hospital with moderate injuries. Photographs provided by a 3rd party auction site indicated that no airbags deployed. Damage to the vehicle was not consistent with a head-on collision with a tree or the level of injury allegedly sustained by the customer. The customer indicated that the vehicle was not towed, however, it is unknown as the customer was the only person involved and was reportedly transported to the hospital.
[REDACTED, MAY CONTAIN CONFIDENTIAL BUSINESS INFORMATION] The customer's allegation included AEB not engaging and airbag non-deployment. There was no allegation involving the operation of ACC or LCF.
The vehicle owner's manual states that Adaptive Cruise Control and the Lane Centering Functions are designed for use on expressways, freeways, toll roads, interstate highways and similar limited access roads. Subaru was not able to inspect or retrieve any data from the subject vehicle. It was sold through salvage auction on 4/22/2025, prior to the customer providing notice.";"archive_SGO-2021-01_Incident_Reports_ADAS.csv"
"1243-10832-v2";"1243-10832";2;"true";"archive_2021_to_2025";"ADAS";"Subaru of America, Inc.";"10-Day Update";"2025-05-01";"d20ba5531c0fef3";"Subaru";"Outback";"2023";"ADAS";"";"2025-04-01";"2025";"4";"988de915957a266";"";"";"Dillon";"MT";"Highway / Freeway";"Other, see Narrative";"Moderate";"false";"false";"false";"false";"false";"false";"false";"[REDACTED, MAY CONTAIN CONFIDENTIAL BUSINESS INFORMATION]";"archive_SGO-2021-01_Incident_Reports_ADAS.csv"
"1243-10840-v2";"1243-10840";2;"true";"third_amendment_2025_plus";"ADAS";"Subaru of America, Inc.";"Update";"2025-06-01";"45f3abd35c490a8";"SUBARU";"Crosstrek";"2024";"ADAS";"Unknown - see Narrative";"2025-05-01";"2025";"5";"527ef4dc8c4aa8b";"";"";"Lathrop";"CA";"Highway / Freeway";"Other, see Narrative";"No Injured Reported";"false";"false";"false";"false";"true";"false";"false";"According to the customer's statement, the customer's son was operating the subject vehicle. The vehicle was traveling on the [XXX] near Tracy, CA at approx. 10 PM PST at a speed of 73 MPH with Adaptive Cruise Control (ACC) and Lane Centering (LCF) engaged. The customer indicated that the AEB and Automatic Emergency Steering (AES) engaged, and the driver lost control of the vehicle, though no other vehicle or object was involved. The incident involved a rollover. All of the airbags were reported to have deployed, and the vehicle was towed from the scene. There were no injuries reported. Telematics data indicated [REDACTED, MAY CONTAIN CONFIDENTIAL BUSINESS INFORMATION].
Subaru inspected the subject vehicle on 6/04/2025. [REDACTED, MAY CONTAIN CONFIDENTIAL BUSINESS INFORMATION]
Based on the inspection and data acquired, Subaru determined that there was no activity related to AEB or AES. Additionally, Subaru determined there were no abnormalities with the ACC or LCF systems. LCF was cancelled due to loss of lane recognition and the driver was provided with an additional lane departure warning. However, the driver provided no steering input in order to maintain the lane of travel.";"SGO-2021-01_Incident_Reports_ADAS.csv"
"1243-10981-v2";"1243-10981";2;"true";"third_amendment_2025_plus";"ADAS";"Subaru of America, Inc.";"Update";"2025-07-01";"c78811ae5148083";"SUBARU";"Forester";"2022";"ADAS";"Verified Not Engaged";"2025-05-01";"2025";"5";"b08fc13816ae0bd";"";"";"Millcreek";"UT";"Highway / Freeway";"Other Fixed Object";"Minor W/O Hospitalization";"false";"true";"true";"false";"true";"false";"false";"The subject vehicle was traveling on [XXX] NB in Millcreek, UT. According to the customer's statement, the vehicle was traveling at 65 MPH with Adaptive Cruise Control (ACC) and Lane Centering (LCF) engaged. The driver alleged that the vehicle's brakes were not operating and that after a mile, she had to crash into the highway median. The frontal and side airbags deployed, and the vehicle was towed from the scene.
Subaru inspected the subject vehicle on 6/24/2025. The vehicle sustained extensive damage to the front right side. The front right wheel, tire, axle housing, brake caliper, brake rotor, axle shaft, and strut were missing. Additionally, the front right brake hose and ABS wiring harness were severed. The front right side of the radiator support was pushed rearward, resulting in contact with the front timing cover. The impact caused the timing cover to fracture, exposing the camshaft sprockets. As a result of this damage, the engine could not be started.
[REDACTED, MAY CONTAIN CONFIDENTIAL BUSINESS INFORMATION]
Based on the vehicle inspection and the data acquired, Subaru determined that there was no abnormality with the vehicle braking system and that ADAS was not engaged within 30 seconds of the incident. The customer had manually cancelled ACC approximately 1 mile before the incident and had then likely mistakenly depressed the accelerator pedal rather than the brake pedal. The stability control system successfully reduced the vehicle's speed from 67.7 MPH to 37.9 MPH prior to impact by modulating engine power and activating ABS.";"SGO-2021-01_Incident_Reports_ADAS.csv"
"1243-11191-v2";"1243-11191";2;"true";"third_amendment_2025_plus";"ADAS";"Subaru of America, Inc.";"Update";"2025-08-01";"eca9a5d988cc2e6";"SUBARU";"Ascent";"2023";"ADAS";"Verified Engaged";"2025-06-01";"2025";"6";"0620973f89f74fb";"";"";"Seymour";"IN";"Highway / Freeway";"Passenger Car";"No Injured Reported";"false";"false";"false";"false";"true";"false";"false";"According to the customer's statement, the subject vehicle was traveling northbound on [XXX] at a speed of 70 MPH with Adaptive Cruise Control (ACC) and Lane Centering (LCF) engaged. The roadway conditions were wet. Though not stated, Subaru assumes that the flow of traffic ahead was either slowing or stopped. The customer stated that she depressed the brake pedal, but the vehicle speed was not slowing. AEB activated but the subject vehicle struck the vehicle in the lane of travel in front. The driver's frontal and knee airbags deployed and the vehicle was towed from the scene. There were no injuries reported.
Subaru inspected the subject vehicle on 7/17/2025. The vehicle sustained underride collision damage on the frontal plane. The left side of the front bumper beam was pushed upwards, and the battery was wedged into the M/B Fuse box and ECM connector. The stability control module was also damaged in the collision. [REDACTED, MAY CONTAIN CONFIDENTIAL BUSINESS INFORMATION]
Based on the vehicle inspection and the data acquired, Subaru determined that there were no abnormalities with the braking or ACC systems. The vehicle was being operated with ACC and LCF engaged and the driver failed to take appropriate action when approaching a slowing vehicle in front. [REDACTED, MAY CONTAIN CONFIDENTIAL BUSINESS INFORMATION] However, as stated in the owner's manual, if the speed difference with the identified object is greater than approximately 37 MPH (60km/h), collisions cannot be avoided due to performance limitations of EyeSight.";"SGO-2021-01_Incident_Reports_ADAS.csv"
"1243-11292-v2";"1243-11292";2;"true";"third_amendment_2025_plus";"ADAS";"Subaru of America, Inc.";"Update";"2025-08-01";"538051dc55bcba3";"SUBARU";"Forester";"2025";"ADAS";"Verified Not Engaged";"2025-06-01";"2025";"6";"2734e8462c79cbd";"";"";"Sapulpa";"OK";"Highway / Freeway";"Other Fixed Object";"Property Damage. No Injured Reported";"false";"false";"false";"false";"true";"false";"false";"According to the customer's statement, the subject vehicle was travelling eastbound on [XXX] with Adaptive Cruise Control (ACC) and Lane Centering (LCF) engaged. The customer further stated that the vehicle was changing lanes to the right in anticipation of exiting the highway at the second of two exits when the steering wheel locked. The vehicle struck an unknown object presumed to have been in the soft shoulder to the right of the roadway ([XXX] and road sign pylons with a concrete footing were noted in the immediate vicinity). Photographs provided by the customer showed damage to the front of the vehicle, with significant damage to the right front bumper, fender and hood. The right front tire was flat. All of the airbags were reported to have deployed and there were no injuries reported. The vehicle was towed from the scene.
Subaru inspected the subject vehicle on 7/22/2025. [REDACTED, MAY CONTAIN CONFIDENTIAL BUSINESS INFORMATION]
Based on the vehicle inspection and the data acquired, Subaru determined there were no abnormalities with the ACC, LCF or electronic power steering systems. [REDACTED, MAY CONTAIN CONFIDENTIAL BUSINESS INFORMATION]";"SGO-2021-01_Incident_Reports_ADAS.csv"
"1243-11470-v2";"1243-11470";2;"true";"third_amendment_2025_plus";"ADAS";"Subaru of America, Inc.";"Update";"2025-10-01";"dbe61ad42c68c56";"SUBARU";"Outback";"2023";"ADAS";"Alleged Engaged";"2025-07-01";"2025";"7";"c0f75be10837269";"";"";"Falmouth";"ME";"Highway / Freeway";"Other, see Narrative";"Minor W/ Hospitalization";"false";"true";"true";"false";"true";"false";"false";"According to the customer's statement, the subject vehicle was traveling on [XXX] SB between Falmouth and Portland, Maine at 65 MPH on Friday, July [XXX] at 1:30 PM with Adaptive Cruise Control (ACC) and Lane Centering (LCF) engaged. As the vehicle approached a curve in the roadway, the customer heard an audible warning (beep), the steering became tight, and then, the customer felt the vehicle pull hard to the right. The vehicle exited the roadway into a ditch and struck the side of a hill. All of the airbags were reported to have deployed, and the vehicle was towed from the scene. The driver and passenger were reportedly transported to the hospital. The passenger was reported to have a broken foot. The customer indicated that the passenger had been sitting with their feet on the dashboard at the time of the incident. The customer further indicated that braking was applied before the vehicle struck the hill.
Subaru was not provided with the opportunity to inspect the subject vehicle. Review of the location of the incident indicated that the maximum posted speed limit was 70 MPH with a minimum posted speed of 45 MPH, and the roadway was slight curving to the left.
[REDACTED, MAY CONTAIN CONFIDENTIAL BUSINESS INFORMATION]
Based on the information available, Subaru determined the vehicle was traveling with ACC engaged [REDACTED, MAY CONTAIN CONFIDENTIAL BUSINESS INFORMATION]. It is likely that LCF had been engaged but cancelled, providing the driver with an alert. The customer failed to appropriately retake control of the vehicle[REDACTED, MAY CONTAIN CONFIDENTIAL BUSINESS INFORMATION].";"SGO-2021-01_Incident_Reports_ADAS.csv"
"1243-11628-v2";"1243-11628";2;"true";"third_amendment_2025_plus";"ADAS";"Subaru of America, Inc.";"Update";"2025-11-01";"7e9857f2eede81e";"SUBARU";"Crosstrek";"2024";"ADAS";"Verified Not Engaged";"2025-08-01";"2025";"8";"0cffa6c59a95c35";"";"";"Richmond";"IL";"Intersection";"Other Fixed Object";"Minor W/ Hospitalization";"false";"true";"true";"false";"false";"false";"true";"According to the customer's statement, the subject vehicle was in the process of making a left turn at an intersection when the Adaptive Cruise Control (ACC) and Lane Centering (LCF) both engaged without input from the driver. Upon engagement, the vehicle speed increased, and the steering wheel could not be turned leftward and the vehicle proceeded straight. An Illinois Traffic Crash Report stated that while attempting to make a left-hand turn, the driver continued to press the accelerator pedal and ran off the roadway onto private property. The vehicle struck 8-10 concrete landscaping bricks that were around a tree, causing disabling damage to the vehicle. There was no airbag deployment, and the vehicle was towed from the scene. The driver was transported to the hospital for observation for high blood pressure. The customer indicated that the ACC had not been in use that day.

Subaru inspected the subject vehicle on 10/07/2025. The vehicle was under repair and the front bumper cover, left headlight, left fender, and driver's door were removed. Three tires and the electric power steering (EPS) gearbox were replaced. In the interior, a genuine all season floor mat was secured to the retaining pins on the driver's floorboard. There were no abnormalities with the brake or accelerator pedal. SSM data indicated there were no DTCs before the collision and multiple DTCs were detected due to the crash and disassembly during repairs.

[REDACTED, MAY CONTAIN CONFIDENTIAL BUSINESS INFORMATION]

Based on the vehicle inspection and the data acquired, Subaru determined that the ACC and LCF had not been engaged on the day of the incident and there were no abnormalities with the vehicle's steering, accelerator or brakes. The data, further supported by the crash report, indicated the event experienced by the customer was likely due to operational error by the driver.";"SGO-2021-01_Incident_Reports_ADAS.csv"
"1243-11793-v2";"1243-11793";2;"true";"third_amendment_2025_plus";"ADAS";"Subaru of America, Inc.";"Update";"2025-11-01";"f79aa891933d4fd";"SUBARU";"Outback";"2025";"ADAS";"Verified Engaged";"2025-09-01";"2025";"9";"63538d947f1342f";"";"";"Suffolk";"VA";"Highway / Freeway";"Heavy Truck";"Minor W/O Hospitalization";"false";"true";"true";"false";"true";"false";"false";"According to the customer's statement, the subject vehicle was traveling at 50 MPH westbound on [XXX] at 8:30 AM EST with Adaptive Cruise Control (ACC) and Lane Centering (LCF) engaged in a construction zone. The subject vehicle was following a traffic control vehicle with an elongated bumper to mitigate traffic collisions. The traffic control vehicle was slowing and would eventually come to a stop in order to move traffic into an adjacent lane of travel. The customer indicated that she was looking away from the roadway in order to retrieve an inhaler. As the driver looked up, the AEB system was issuing a warning. However, the driver was unable to avoid the collision with the stopped vehicle. The subject vehicle frontal, side and curtain airbags deployed and the vehicle was towed from the scene. The customer later visited an ER for pain and minor bruising.

Subaru inspected the subject vehicle on 10/09/2025. Damage to the vehicle indicated the collision was an offset frontal impact to the front left, extending to the forward edge of the front left door. [REDACTED, MAY CONTAIN CONFIDENTIAL BUSINESS INFORMATION]

Based on the vehicle inspection and the data acquired, Subaru determined there were no abnormalities with the ACC, LCF or AEB systems. The subject vehicle was traveling [REDACTED, MAY CONTAIN CONFIDENTIAL BUSINESS INFORMATION] in an area of road construction when a construction vehicle in front pulled to a stop. Per the owner's manual, if the speed difference with an identified object is greater than approximately 37 MPH (60 km/h), collisions cannot be avoided. Additionally, as also published in the owner's manual, Subaru does not recommend operating the vehicle with ACC or LCF engaged on roads with lane restrictions or tentative lanes due to construction work, etc.";"SGO-2021-01_Incident_Reports_ADAS.csv"
"1243-12006-v2";"1243-12006";2;"true";"third_amendment_2025_plus";"ADAS";"Subaru of America, Inc.";"Update";"2025-12-01";"42422a9eae068b0";"SUBARU";"Forester";"2025";"ADAS";"Verified Engaged";"2025-10-01";"2025";"10";"bae354f585c8696";"";"";"Deary";"ID";"Intersection";"Other, see Narrative";"Moderate W/ Hospitalization";"false";"true";"true";"false";"true";"false";"false";"According to the customer's statement, the subject vehicle was traveling southeast on [XXX] at approximately 7:30PM (PST) with Adaptive Cruise Control (ACC) and Lane Centering (LCF) engaged. The customer alleged that as the vehicle approached an intersection in order to make a left-hand turn, the driver applied the brake pedal but ACC did not disengage, and the vehicle did not come to a stop. The vehicle proceeded through the intersection and departed the roadway into a ""bank"""". All of the airbags were reported to have deployed";" and the vehicle was towed from the scene. The driver was transported to the hospital with a broken right arm and right leg."
"1243-12058-v2";"1243-12058";2;"true";"third_amendment_2025_plus";"ADAS";"Subaru of America, Inc.";"Update";"2025-12-01";"db4909d3151b063";"SUBARU";"Crosstrek";"2024";"ADAS";"Verified Engaged";"2025-10-01";"2025";"10";"e1c5fb10a692a65";"";"";"Rochester";"NY";"Intersection";"Passenger Car";"Minor W/ Hospitalization";"false";"true";"true";"false";"true";"false";"true";"According to the customer's statement, the vehicle was travelling northbound on [XXX] at 40 MPH with Adaptive Cruise Control (ACC) and Lane Centering (LCF) engaged. Another vehicle, intending to execute a left turn, entered the roadway from a side street and the subject vehicle struck the other vehicle in the left front door area. The subject vehicle was towed from the scene. The customer stated that the subject vehicle's AEB had engaged and did not allege a defect with the ADAS system but inquired about the airbag system performance during the crash. The customer's description of the accident aligned with the [XXX]. The report further stated that the customer had been evaluated on scene and transported to the hospital due to concern over high blood pressure.
Subaru inspected the subject vehicle on 11/11/2025. [REDACTED, MAY CONTAIN CONFIDENTIAL BUSINESS INFORMATION]

Based on the vehicle inspection and the data acquired, Subaru determined there were no abnormalities with the airbag, ACC or LCF systems.";"SGO-2021-01_Incident_Reports_ADAS.csv"
"1243-1208-v3";"1243-1208";3;"true";"archive_2021_to_2025";"ADAS";"Subaru of America, Inc.";"Update";"2021-10-01";"bc4ad9b7b151e45";"Subaru";"Outback";"2020";"ADAS";"";"2021-08-01";"2021";"8";"20dec0e229a6059";"";"";"";"ID";"Highway / Freeway";"Other Fixed Object";"Minor";"false";"false";"false";"false";"false";"false";"false";"[REDACTED, MAY CONTAIN CONFIDENTIAL BUSINESS INFORMATION]";"archive_SGO-2021-01_Incident_Reports_ADAS.csv"
"1243-1246-v3";"1243-1246";3;"true";"archive_2021_to_2025";"ADAS";"Subaru of America, Inc.";"Update";"2021-11-01";"2301733b0fd9e3f";"Subaru";"Crosstrek";"2021";"ADAS";"";"2021-09-01";"2021";"9";"e537827d2d65439";"";"";"Missouri Valley";"IA";"Highway / Freeway";"Other Fixed Object";"No Injuries Reported";"false";"false";"false";"false";"false";"false";"true";"[REDACTED, MAY CONTAIN CONFIDENTIAL BUSINESS INFORMATION]";"archive_SGO-2021-01_Incident_Reports_ADAS.csv"
"1243-13262-v1";"1243-13262";1;"true";"third_amendment_2025_plus";"ADAS";"Subaru of America, Inc.";"5-Day";"2025-12-01";"0d214573bb2d0e7";"SUBARU";"Outback";"2025";"ADAS";"Alleged Engaged";"2025-10-01";"2025";"10";"1abb7dc46e10e6c";"";"";"Nipton";"CA";"Highway / Freeway";"Other Fixed Object";"No Injured Reported";"false";"false";"false";"false";"true";"false";"false";"[REDACTED, MAY CONTAIN CONFIDENTIAL BUSINESS INFORMATION]";"SGO-2021-01_Incident_Reports_ADAS.csv"
"1243-13355-v1";"1243-13355";1;"true";"third_amendment_2025_plus";"ADAS";"Subaru of America, Inc.";"5-Day";"2025-12-01";"d288bdb855aa3a5";"SUBARU";"Ascent";"2025";"ADAS";"Alleged Engaged";"2025-11-01";"2025";"11";"84d77c9c7524473";"";"";"Green Valley";"AZ";"Intersection";"Passenger Car";"No Injured Reported";"false";"false";"false";"false";"true";"false";"false";"[REDACTED, MAY CONTAIN CONFIDENTIAL BUSINESS INFORMATION]";"SGO-2021-01_Incident_Reports_ADAS.csv"
"1243-1379-v5";"1243-1379";5;"true";"archive_2021_to_2025";"ADAS";"Subaru of America, Inc.";"Update";"2022-01-01";"2d8be67244886ea";"Subaru";"Crosstrek";"2021";"ADAS";"";"2021-08-01";"2021";"8";"47c8f9f110f99a7";"";"";"Westmoreland";"NY";"Highway / Freeway";"Heavy Truck";"Minor";"false";"false";"false";"false";"false";"false";"true";"[REDACTED, MAY CONTAIN CONFIDENTIAL BUSINESS INFORMATION]";"archive_SGO-2021-01_Incident_Reports_ADAS.csv"
"1243-1392-v4";"1243-1392";4;"true";"archive_2021_to_2025";"ADAS";"Subaru of America, Inc.";"Update";"2021-12-01";"3a36a7733d2dd83";"Subaru";"Forester";"2021";"ADAS";"";"2021-10-01";"2021";"10";"c23000d2e8b4e40";"";"";"Riverside";"CA";"Highway / Freeway";"Passenger Car";"Minor";"false";"false";"false";"false";"false";"false";"true";"[REDACTED, MAY CONTAIN CONFIDENTIAL BUSINESS INFORMATION]";"archive_SGO-2021-01_Incident_Reports_ADAS.csv"
"1243-14138-v2";"1243-14138";2;"true";"third_amendment_2025_plus";"ADAS";"Subaru of America, Inc.";"Update";"2026-06-01";"18006c5a3b10436";"SUBARU";"Outback";"2020";"ADAS";"Verified Not Engaged";"2025-09-01";"2025";"9";"16ded2b196bf3e0";"";"";"Saint Petersburg";"FL";"Street";"Passenger Car";"Fatality";"true";"true";"false";"false";"true";"false";"false";"According to the customer's statement, the subject vehicle was being driven by her son at the time of the incident. The vehicle was travelling in the left lane of the [REDACTED, MAY CONTAIN CONFIDENTIAL BUSINESS INFORMATION], and the customer alleged Adaptive Cruise Control (ACC) and Lane Centering (LCF) engaged. However, during a follow-up discussion the customer indicated that she did not know many of the facts involved in this incident. According to available news sources, the vehicle veered into oncoming traffic and struck a sedan head-on. The driver and passenger of the sedan were seriously injured and the passenger was later pronounced dead at a hospital. News sources further indicated that the driver of the subject vehicle was arrested on a number of charges, including felony DUI (third offense), after being treated for injury. These sources also stated that the subject driver's first DUI arrest occurred [REDACTED, MAY CONTAIN CONFIDENTIAL BUSINESS INFORMATION], when he was stopped by police officers for swerving on the road, according to his arrest form. The subject driver was again arrested in [REDACTED, MAY CONTAIN CONFIDENTIAL BUSINESS INFORMATION], after police stopped him for drifting across lanes and nearly striking another vehicle. The arrest record indicated the driver showed ""multiple signs of impairment"""" and he stated to police he """"smoked weed earlier that night."""" The customer was inquiring as to why the Lane Departure Prevention had not pulled the vehicle back into the correct lane of travel";" and why the Automatic Emergency Braking system had not stopped the vehicle when it identified the oncoming vehicle."
"1243-14245-v1";"1243-14245";1;"true";"third_amendment_2025_plus";"ADAS";"Subaru of America, Inc.";"5-Day";"2026-03-01";"7457820c032f5fc";"SUBARU";"Outback";"2021";"ADAS";"Alleged Engaged";"2026-02-01";"2026";"2";"a102af9eb6ae8d5";"";"";"Spring";"TX";"Highway / Freeway";"Other, see Narrative";"Minor W/ Hospitalization";"false";"true";"true";"false";"true";"false";"false";"[REDACTED, MAY CONTAIN CONFIDENTIAL BUSINESS INFORMATION]";"SGO-2021-01_Incident_Reports_ADAS.csv"
"1243-1528-v3";"1243-1528";3;"true";"archive_2021_to_2025";"ADAS";"Subaru of America, Inc.";"Update";"2021-11-01";"972a06e9bb25d6a";"Subaru";"Forester";"2020";"ADAS";"";"2021-10-01";"2021";"10";"c956f70c7f82c2f";"";"";"Maplewood";"MO";"Unknown";"Pole / Tree";"Minor";"false";"false";"false";"false";"false";"false";"false";"[REDACTED, MAY CONTAIN CONFIDENTIAL BUSINESS INFORMATION]";"archive_SGO-2021-01_Incident_Reports_ADAS.csv"
"1243-15288-v1";"1243-15288";1;"true";"third_amendment_2025_plus";"ADAS";"Subaru of America, Inc.";"5-Day";"2026-06-01";"907b894c194665d";"SUBARU";"Outback";"2020";"ADAS";"Alleged Engaged";"2026-05-01";"2026";"5";"67cefb1d06ab45e";"";"";"Winfield";"KS";"Rural Road";"Unknown";"No Injured Reported";"false";"false";"false";"false";"true";"false";"false";"[REDACTED, MAY CONTAIN CONFIDENTIAL BUSINESS INFORMATION]";"SGO-2021-01_Incident_Reports_ADAS.csv"
"1243-1582-v5";"1243-1582";5;"true";"archive_2021_to_2025";"ADAS";"Subaru of America, Inc.";"Update";"2022-01-01";"531df7c2eb50fe4";"Subaru";"Forester";"2021";"ADAS";"";"2021-10-01";"2021";"10";"7796765cf6c9f3f";"";"";"Dog Town";"CA";"Highway / Freeway";"Animal";"Minor";"false";"false";"false";"false";"false";"false";"true";"[REDACTED, MAY CONTAIN CONFIDENTIAL BUSINESS INFORMATION]";"archive_SGO-2021-01_Incident_Reports_ADAS.csv"
"1243-1945-v3";"1243-1945";3;"true";"archive_2021_to_2025";"ADAS";"Subaru of America, Inc.";"Update";"2022-02-01";"096beaf83079872";"Subaru";"Forester";"2020";"ADAS";"";"2021-12-01";"2021";"12";"931074479192043";"";"";"Greenwood";"MS";"Highway / Freeway";"Animal";"No Injuries Reported";"false";"false";"false";"false";"false";"false";"false";"[REDACTED, MAY CONTAIN CONFIDENTIAL BUSINESS INFORMATION]";"archive_SGO-2021-01_Incident_Reports_ADAS.csv"
"1243-1955-v3";"1243-1955";3;"true";"archive_2021_to_2025";"ADAS";"Subaru of America, Inc.";"Update";"2022-02-01";"fa5ddda468b3301";"Subaru";"Forester";"2020";"ADAS";"";"2021-11-01";"2021";"11";"df0e18d70ba7e9e";"";"";"Russell Springs";"KY";"Highway / Freeway";"Animal";"No Injuries Reported";"false";"false";"false";"false";"false";"false";"true";"[REDACTED, MAY CONTAIN CONFIDENTIAL BUSINESS INFORMATION]";"archive_SGO-2021-01_Incident_Reports_ADAS.csv"
"1243-3278-v3";"1243-3278";3;"true";"archive_2021_to_2025";"ADAS";"Subaru of America, Inc.";"Update";"2022-07-01";"975de11a0170386";"Subaru";"Outback";"2020";"ADAS";"";"2022-05-01";"2022";"5";"ffaee496513b6b3";"";"";"Warrenville Heights";"OH";"Highway / Freeway";"Passenger Car";"Minor";"false";"false";"false";"false";"false";"false";"true";"The customer was not alleging any defect with the vehicle.  According to the customer, the subject vehicle was proceeding westbound on [XXX] in Warrenville Heights, Ohio at 65 MPH when it was struck in the right-rear by another vehicle. During the standard accident questionnaire, the customer indicated that Adaptive Cruise Control and Lane Centering Function were both engaged at the time of collision.
The customer is not alleging any vehicle or system defect, and the purpose of the initial call was to compliment the vehicle performance in the incident and inquire about body shop post-repair information.
According to the Traffic Crash Report, the subject vehicle was traveling in the left-center lane when it was struck in the rear by a second vehicle. The second vehicle was traveling in the far left lane. The driver of the second vehicle stated that he lost control of the vehicle due to hydroplaning and struck the subject vehicle.";"archive_SGO-2021-01_Incident_Reports_ADAS.csv"
"1243-3577-v3";"1243-3577";3;"true";"archive_2021_to_2025";"ADAS";"Subaru of America, Inc.";"Update";"2022-09-01";"316cacd9e5436cf";"Subaru";"Outback";"2020";"ADAS";"";"2022-07-01";"2022";"7";"ab964227042fecf";"";"";"";"WV";"Unknown";"Pole / Tree";"Minor";"false";"false";"false";"false";"false";"false";"false";"[REDACTED, MAY CONTAIN CONFIDENTIAL BUSINESS INFORMATION]";"archive_SGO-2021-01_Incident_Reports_ADAS.csv"
"1243-3681-v4";"1243-3681";4;"true";"archive_2021_to_2025";"ADAS";"Subaru of America, Inc.";"Update";"2022-10-01";"eeba4facc678a69";"Subaru";"Forester";"2020";"ADAS";"";"2022-07-01";"2022";"7";"68b9212338077cd";"";"";"Mamaroneck";"NY";"Highway / Freeway";"Other Fixed Object";"No Injuries Reported";"false";"false";"false";"false";"false";"false";"true";"During the initial telephone conversation, the driver's mother stated that her daughter was driving the subject vehicle on [XXX] North with lane assist engaged at the time of the incident. She claimed that the Eyesight system malfunctioned and caused the vehicle's wheel/tire to contact the curb/divider. During a subsequent telephone conversation with the owner of the subject vehicle and driver during the alleged incident, the daughter stated she was driving the subject vehicle on [XXX] North at 55 MPH when the lane departure function failed causing contact with the divider which damaged one of the left tires.  As a result of the collision, the curtain airbags deployed and the vehicle was towed to a body shop in Mamaroneck, NY.  When asked, the driver stated that she had been using ACC and Lane Centering.  No injuries were alleged as a result of this incident.  
On August [XXX], Subaru reviewed the initial telematics data [REDACTED, MAY CONTAIN CONFIDENTIAL BUSINESS INFORMATION].
A New York State Police Accident Report provided by the customer confirmed the date, approximate time, roadway, city, and state of the incident. The report also confirmed that the subject vehicle was traveling North on [XXX] when it failed to keep right, striking a concrete barrier which caused the airbag deployment. The report further indicates that the vehicle sustained a deflated driver side front tire and that the barrier did not sustain any damage. The vehicle was subsequently towed from the roadway.
Subaru inspected the subject vehicle on September [XXX], 2022. The vehicle was found to be in a repaired condition at the time of the inspection. EDR data retrieval from the Airbag Control Module was not possible as the module had been replaced and scrapped by the customer's repair facility. If any DTCs were recorded in the Eyesight Control Module, including system cancel codes, they had been cleared from the vehicle's Eyesight system by the repair facility prior to Subaru's opportunity to inspect the vehicle. [REDACTED, MAY CONTAIN CONFIDENTIAL BUSINESS INFORMATION]  Based on the results of the investigation and the data acquired, Subaru determined that there were no abnormalities with any vehicle system, including the ADAS-related systems.";"archive_SGO-2021-01_Incident_Reports_ADAS.csv"
"1243-38-v4";"1243-38";4;"true";"archive_2021_to_2025";"ADAS";"Subaru of America, Inc.";"Update";"2021-09-01";"349de075c8d5471";"Subaru";"Forester";"2020";"ADAS";"";"2021-07-01";"2021";"7";"0d300a426ad3ee5";"";"";"Chazy";"NY";"Highway / Freeway";"Animal";"Minor";"false";"false";"false";"false";"false";"false";"true";"[REDACTED, MAY CONTAIN CONFIDENTIAL BUSINESS INFORMATION]";"archive_SGO-2021-01_Incident_Reports_ADAS.csv"
"1243-4002-v4";"1243-4002";4;"true";"archive_2021_to_2025";"ADAS";"Subaru of America, Inc.";"Update";"2023-01-01";"601dce1b92b80d9";"Subaru";"Forester";"2021";"ADAS";"";"2022-10-01";"2022";"10";"7a34be589143ad8";"";"";"San Luis Obispo";"CA";"Highway / Freeway";"Van";"Unknown";"false";"";"false";"false";"false";"false";"true";"The California Highway Patrol Traffic Crash Report (TCR) indicates that the driver of the subject vehicle was travelling on [XXX] at a stated speed of 70 MPH in the LH lane approaching the second vehicle (van) which was traveling south in the RH lane. According to the customer's statement to Subaru, the customer had just changed lanes from the RH lane into the LH lane to pass the slower moving traffic. The TCR states the driver of the van indicated he was travelling at a stated speed of 40-45 MPH in the RH lane in heavy traffic with approximately 10 slow moving vehicles directly in front. The TCR concludes, for unknown reasons, as the driver of the subject vehicle approached the rear of the van, the driver allowed the subject vehicle to unsafely veer to the right. This caused the front right of the subject vehicle to collide with the left rear of the van.  The driver of the subject vehicle caused the collision by driving the subject vehicle in violation of California Vehicle Code Section 22107, (unsafe turning movement). Due to the driver's failure to maintain a straight path of travel within the left-hand lane of [XXX], the driver allowed the subject vehicle to travel to the right into the right-hand lane and caused the collision with the van. As a precautionary measure, the driver of the subject vehicle was transported to a local hospital due to possible injury with complaint of pain to the neck and back. There was no reported injury noted regarding the front passenger of the subject vehicle.
Subaru inspected the subject vehicle on 11/09/2022. [REDACTED, MAY CONTAIN CONFIDENTIAL BUSINESS INFORMATION] Based upon the results of the investigation and data acquired, Subaru found no abnormalities with any system that could have caused this crash.";"archive_SGO-2021-01_Incident_Reports_ADAS.csv"
"1243-4332-v2";"1243-4332";2;"true";"archive_2021_to_2025";"ADAS";"Subaru of America, Inc.";"10-Day Update";"2022-12-01";"f7170367646b326";"Subaru";"Outback";"2021";"ADAS";"";"2022-06-01";"2022";"6";"894dc150897986e";"";"";"Younger Creek";"KY";"Highway / Freeway";"Animal";"No Injuries Reported";"false";"false";"false";"false";"false";"false";"false";"The customer was not alleging any defect with the vehicle. According to the customer, the subject vehicle was proceeding at a speed of 70MPH on the [XXX] on June [XXX], 2022 with the Adaptive Cruise Control (ACC) and Lane Centering (LC) engaged when the vehicle struck a deer. [REDACTED, MAY CONTAIN CONFIDENTIAL BUSINESS INFORMATION] The weather was described as clear and sunny. Due to the collision, the vehicle's frontal airbags deployed and the vehicle was towed from the scene. There were no reported injuries to either of the two vehicle occupants (driver and front passenger).
The Eyesight owner's manual states that the Eyesight system cannot detect animals and lists a deer as an example.";"archive_SGO-2021-01_Incident_Reports_ADAS.csv"
"1243-4347-v3";"1243-4347";3;"true";"archive_2021_to_2025";"ADAS";"Subaru of America, Inc.";"Update";"2023-01-01";"d4b9eb1ec562843";"Subaru";"Forester";"2020";"ADAS";"";"2022-11-01";"2022";"11";"c3b2045819f83ab";"";"";"Covington";"LA";"Highway / Freeway";"Pickup Truck";"Serious";"false";"false";"false";"false";"false";"false";"true";"According to the customer's statement, the subject vehicle was travelling eastbound on [XXX] at 74 MPH with adaptive cruise control (ACC) and lane centering (LC) engaged when a large pickup truck in front slowed down and customer's braking was not sufficient to avoid a crash. Based on the customer's description, the rear passenger, who was laying down across the rear seat with a dog, received serious injuries to the upper torso and was transported to a hospital as a result of the crash.  The driver indicated she believes that the pickup truck was rolling at the time of collision as she does not remember seeing any brake lights. She also confirmed that pre-collision warnings did alert her and that she responded by applying the brakes.
According to the crash report, the subject vehicle was traveling eastbound on [XXX] in the LH lane. A second (pickup truck) and third vehicle in the LH lane in front were stopped due to traffic congestion. The subject vehicle continued forward, striking the pickup truck with its front center, impacting the rear center of the pickup . The pickup was then pushed forward into a third vehicle. The driver of the pickup truck stated he saw the vehicle in front stopping and began slowing and he stopped just prior to the subject vehicle striking his vehicle.
Subaru inspected the subject vehicle on 1/09/2023. [REDACTED, MAY CONTAIN CONFIDENTIAL BUSINESS INFORMATION]
Based on the inspection and crash report, the customer failed to take appropriate action to bring the vehicle to a stop given the conditions and traffic congestion ahead. AEB is unlikely to have activated given the significant speed differential between the subject vehicle traveling at 84 MPH and the stopped or stopping vehicle that the subject vehicle impacted.";"archive_SGO-2021-01_Incident_Reports_ADAS.csv"
"1243-4601-v3";"1243-4601";3;"true";"archive_2021_to_2025";"ADAS";"Subaru of America, Inc.";"Update";"2023-02-01";"403f9feea55841c";"Subaru";"Outback";"2020";"ADAS";"";"2022-12-01";"2022";"12";"6a6aea1b877acf7";"";"";"Blue Grass";"IA";"Highway / Freeway";"Pickup Truck";"Minor";"false";"false";"false";"false";"false";"false";"true";"The customer is not alleging any defect with any ADAS related system. According to the customer's statement, the subject vehicle was proceeding southbound on [XXX] in the LH lane traveling at 67 MPH with adaptive cruise control (ACC) and lane centering (LC) engaged when a pickup truck entering the highway merged into the customer's lane of travel with an estimated spacing of less than 50 feet. The customer stated that the pre-collision braking did apply and he was also able to depress the brake pedal. The customer's evasive steering and braking was not sufficient to avoid a crash. The customer's vehicle rear-ended the merging vehicle and as a result of the collision the customer's vehicle left the roadway and caught fire. The subject vehicle was towed to a Copart facility in Eldridge, IA.
According the police accident report, the Ford F-150 pickup truck was positioned on [XXX] facing northbound. The driver failed to see the approaching subject vehicle and made a LH turn into the LH lane of [XXX]. The subject vehicle impacted the rear of the pickup truck. The pickup truck sustained damage but was drivable. The subject vehicle sustained heavy damage and was on fire.
Subaru inspected the subject vehicle on 1/26/2023. The vehicle had sustained damage consistent with the accident details. No data could be collected from the vehicle. There was thermal damage to the ACM module to the point that the case was breached and the internal PCB was exposed.";"archive_SGO-2021-01_Incident_Reports_ADAS.csv"
"1243-4796-v4";"1243-4796";4;"true";"archive_2021_to_2025";"ADAS";"Subaru of America, Inc.";"Update";"2023-04-01";"1c2e383676970e3";"Subaru";"Crosstrek";"2021";"ADAS";"";"2022-12-01";"2022";"12";"40981d31dbf8993";"";"";"Cedar Park";"TX";"Street";"SUV";"Minor";"false";"false";"false";"false";"false";"false";"true";"The customer is not alleging any defect with the vehicle.  The customer was directed by a retailer to contact Subaru with a request for Goodwill Loyalty Purchase Assistance to be used toward the purchase of a new Subaru vehicle.  
According to the customer's statement, the subject vehicle was proceeding at 45 MPH in Cedar Park, TX when another vehicle pulled out in front of the subject vehicle and the customer did not have enough time to react to avoid the collision. The customer's response to an incident questionnaire indicates that Adaptive Cruise Control (ACC) and Lane Centering (LC) were engaged at the time of the incident.  The customer further stated the Automatic Emergency Brake (AEB) did engage to reduce the speed at the time of impact. As a result of the collision, no airbags deployed and subject vehicle was towed from the location of the incident.
A police report confirms the location of the accident on northeast bound lanes of [XXX] in Cedar Park Texas at 3:47 PM on [XXX]. The report indicates that the driver of the other vehicle failed to yield the right of way while leaving a private driveway (parking lot exit).";"archive_SGO-2021-01_Incident_Reports_ADAS.csv"
"1243-4930-v4";"1243-4930";4;"true";"archive_2021_to_2025";"ADAS";"Subaru of America, Inc.";"Update";"2023-04-01";"3a96d26e4b4b593";"Subaru";"Outback";"2021";"ADAS";"";"2023-02-01";"2023";"2";"cee51edc6bfaf71";"";"";"Jefferson";"NC";"Rural Road";"Heavy Truck";"No Injuries Reported";"false";"false";"false";"false";"false";"false";"false";"[REDACTED, MAY CONTAIN CONFIDENTIAL BUSINESS INFORMATION]";"archive_SGO-2021-01_Incident_Reports_ADAS.csv"
"1243-4978-v3";"1243-4978";3;"true";"archive_2021_to_2025";"ADAS";"Subaru of America, Inc.";"Update";"2023-04-01";"5addc554375f25d";"Subaru";"Outback";"2021";"ADAS";"";"2022-11-01";"2022";"11";"2115df22db57e5a";"";"";"Shallotte";"NC";"Highway / Freeway";"Other, see Narrative";"Moderate";"false";"false";"false";"false";"false";"false";"true";"The subject vehicle was travelling at an unknown speed on [XXX], Shallotte NC at approx. 12:30 AM on 11/[XXX]/2023 in a 55 MPH zone. In an accident questionnaire submitted 3/7/2023, the customer indicated that Adaptive Cruise Control (ACC) and Lane Centering (LC) were engaged. The customer alleged that his infotainment screen went blank and his Eyesight, auto braking, and other safety features were disabled just prior to the crash.  According to the customer's statement, the vehicle was rounding a curve in the road when the driver noticed a trampoline in the lane of travel. The customer stated that he was unable to stop in time and the subject vehicle swerved off the road and into a gully, where it sustained front end damage. The customer initially stated that there were no injuries other than a few minor bruises and bumps from the seatbelts. However, the customer later alleged that his wife had suffered broken ribs. No airbags were deployed and the vehicle was towed from the scene. The customer further stated there were police already at the scene responding to the road debris.
A police report indicates that the subject vehicle was traveling Northbound on [XXX] at 45 MPH when it collided with a trampoline in the roadway. The vehicle then left the roadway to the right and impacted a ditch with the front bumper. The report further shows that the vehicle was drivable and not towed from the scene. Damage was reported as being across the front and rated a 2 out of 7 in severity. The report also indicates that there were no reported injuries to either occupant.
Subaru inspected the subject vehicle on 3/28/2023.[REDACTED, MAY CONTAIN CONFIDENTIAL BUSINESS INFORMATION] 
Based on the results of the inspection, the data acquired and the supplier analysis of the infotainment unit data log files, the screen did not blank out at the time of the incident. Therefore, the EyeSight safety systems were not disabled. Pre-collision braking did not activate due to evasive maneuvers performed by the driver of the vehicle. Similarly, ACC and LC would have cancelled upon determining the driver's actions as being evasive maneuvers in order to return full vehicle control to the driver.";"archive_SGO-2021-01_Incident_Reports_ADAS.csv"
"1243-5133-v2";"1243-5133";2;"true";"archive_2021_to_2025";"ADAS";"Subaru of America, Inc.";"10-Day Update";"2023-04-01";"30e9bd7a3430a94";"Subaru";"Outback";"2020";"ADAS";"";"2023-03-01";"2023";"3";"e0d4d01de38df67";"";"";"Flat Top";"WV";"Highway / Freeway";"Animal";"No Injuries Reported";"false";"false";"false";"false";"false";"false";"false";"The customer is not alleging any vehicle defect and had contacted Subaru to inquire whether her maintenance policy would cover the cost of necessary repairs. The subject vehicle was traveling southbound on [XXX] in WV near [XXX] at 9:40 PM EST when it struck two animals crossing in front. The customer confirmed that Adaptive Cruise Control (ACC) and the Lane Centering Function (LCF) were both engaged at the time of the incident. The police were contacted but did not respond to the incident. The vehicle was towed from the location. The customer confirmed that there were no injuries and stated that they were very happy with the performance of the vehicle.";"archive_SGO-2021-01_Incident_Reports_ADAS.csv"
"1243-5173-v3";"1243-5173";3;"true";"archive_2021_to_2025";"ADAS";"Subaru of America, Inc.";"Update";"2023-05-01";"9f830bed38ea821";"Subaru";"Forester";"2021";"ADAS";"";"2023-03-01";"2023";"3";"93d37eb6f8ab932";"";"";"Marthasville";"MO";"Rural Road";"Unknown";"Minor";"false";"false";"false";"false";"false";"false";"false";"According to the customer's statement, at approximately 4:58 PM CST on 3/[XXX]/2023 the subject vehicle was traveling eastbound on [XXX] approaching [XXX] at a stated speed of 55 MPH with Adaptive Cruise Control (ACC) and the Lane Centering (LC) engaged. A vehicle in front stopped in order to make a left hand turn onto [XXX]. The subject vehicle was not stopping so the customer applied the service brake pedal. However, the subject vehicle did not stop in time and clipped the rear end of the vehicle making the turn. The subject vehicle then went off the roadway to the right and struck a sign, further damaging the front end. Police responded to the scene. The customer was checked for injuries but was not transported to a hospital. The customer is reporting minor injuries that include whiplash, bruising and an abrasion/burn in the neck area that she assumed to be from the seatbelt. The customer further stated that the airbags did not deploy and the vehicle was towed from the scene. Vehicle telematics data confirmed the location of the incident.
[REDACTED, MAY CONTAIN CONFIDENTIAL BUSINESS INFORMATION]
As published in the owner's manual, there are limits to the situation judgment capabilities of the Adaptive Cruise Control system. Deceleration may not take place in time in situations including: the speed difference with the vehicle in front is too large or the vehicle in front decelerates unexpectedly or if the decelerating vehicle in front unexpectedly slows down or suddenly brakes. Drivers are advised to apply the brake pedal to decelerate the vehicle if necessary. The customer, travelling at a speed of 60 MPH, did not apply any brake or take any evasive measure to avoid the stopped vehicle in front until 1.0 sec. before impact. Based on the results of the inspection and the data acquired, Subaru determined that there were no defects with the ACC or LC systems.";"archive_SGO-2021-01_Incident_Reports_ADAS.csv"
"1243-5798-v2";"1243-5798";2;"true";"archive_2021_to_2025";"ADAS";"Subaru of America, Inc.";"Update";"2023-07-01";"c7413ab3897dd27";"Subaru";"Outback";"2024";"ADAS";"";"2023-06-01";"2023";"6";"8c0f6e0549cbc41";"";"";"Mayflower";"AR";"Highway / Freeway";"Unknown";"No Injuries Reported";"false";"false";"false";"false";"false";"false";"false";"Subaru's Customer Advocacy Department (CAD) received a telephone call from the customer on 6/20/2023 at 18:30 EST reporting a crash that had occurred on that date.  The customer did not provide any descriptive detail regarding the incident. An accident questionnaire partially completed by the customer indicates that Adaptive Cruise Control (ACC) and Lane Centering (LC) were engaged at the time of the incident.
[REDACTED, MAY CONTAIN CONFIDENTIAL BUSINESS INFORMATION] The crash occurred on [XXX] in Mayflower, AR. [REDACTED, MAY CONTAIN CONFIDENTIAL BUSINESS INFORMATION]
The customer indicated that all  the airbags deployed and that the subject vehicle was towed from the scene of the incident. The customer refused to provide any further details pending communication with an insurance agent. As of 7/14/2023, the customer and the insurance company have been unresponsive to Subaru's requests for additional information.";"archive_SGO-2021-01_Incident_Reports_ADAS.csv"
"1243-6797-v2";"1243-6797";2;"true";"archive_2021_to_2025";"ADAS";"Subaru of America, Inc.";"Update";"2024-02-01";"3846e127e1a4019";"Subaru";"Ascent";"2023";"ADAS";"";"2023-12-01";"2023";"12";"8e641eb732c117b";"";"";"Hainesport";"NJ";"Street";"Other Fixed Object";"Minor";"false";"false";"false";"false";"false";"false";"false";"According to the customer narrative, the vehicle was being operated on Friday, December [XXX], 2023 at approximately 5:52PM EST with Adaptive Cruise Control (ACC) and Lane Centering (LCF) engaged in an area near the Country Farm service station located on [XXX] ([XXX]). The customer described the roadway as being wet but not slippery, and that it had just stopped raining. The customer indicated that the vehicle was traveling at the posted speed limit (45 MPH) when the incident occurred and that the vehicle struck a pole and a mailbox, entering the service station property before being brought to a stop. The driver's frontal and knee airbags deployed, and the vehicle sustained front bumper and roof damage and was towed from the scene. The customer claimed to have sustained bruising from the seatbelt, whiplash and a concussion. The customer stated that she frequently uses the ACC and LCF features.
Subaru inspected the subject vehicle on 01/16/2024. [REDACTED, MAY CONTAIN CONFIDENTIAL BUSINESS INFORMATION]
Further analysis [REDACTED, MAY CONTAIN CONFIDENTIAL BUSINESS INFORMATION] indicated that LCF was cancelled and the cancel alert (including audible and visual warnings) was provided to the driver [REDACTED, MAY CONTAIN CONFIDENTIAL BUSINESS INFORMATION] The reason for the cancellation was the system could not recognize the white line, most likely due to environmental factors including darkness and a wet and reflective road surface. Additionally, a site inspection noted the roadway as being a local country road with one lane of travel in each direction with multiple points of access and breaks in the lane markings. It was also noted that where the crash occurred, some steering correction is needed to maintain the centerline of the roadway.
Based on the inspection and data acquired, Subaru determined that there were no abnormalities in the ACC or LCF systems. The LCF function was cancelled due to the inability of the system to detect the lane lines. Visual and audible warnings were provided to prompt the driver to retake full control of the steering function. The driver allowed the vehicle to leave the roadway.";"archive_SGO-2021-01_Incident_Reports_ADAS.csv"
"1243-7108-v2";"1243-7108";2;"true";"archive_2021_to_2025";"ADAS";"Subaru of America, Inc.";"Update";"2024-04-01";"fcfc19d848e5da9";"Subaru";"Outback";"2022";"ADAS";"";"2024-02-01";"2024";"2";"cc6f7f92106966f";"";"";"Oxford";"AL";"Rural Road";"Other Fixed Object";"Minor";"false";"false";"false";"false";"false";"false";"false";"The subject vehicle was travelling northbound on [XXX] at a stated speed of 45 MPH with Adaptive Cruise Control(ACC) and Lane Centering (LCF) engaged. The customer stated that she had been driving for 10 hours and that it was raining heavily, with low visibility. The vehicle left the roadway at a rail crossing and came to rest parallel with the railroad tracks with the RH side of the vehicle centered within the tracks. The impact with the tracks deflated all four tires and caused damage to the right front bumper cover. There was also damage reported to certain suspension and steering components and the vehicle undercarriage. There were no airbags deployed and the vehicle was towed from the scene. The customer reported minor injuries and was not provided, nor sought immediate medical attention. During a follow-up conversation, the customer indicated that she came upon a road that turned left and,  because of the heavy rain she did not see the curve.
Subaru inspected the subject vehicle on 3/12/2024. Prior to the inspection, the customer provided a diagram of the scene, indicating that the vehicle had actually been travelling in an east-bound direction and that it was a right-hand turn, not left-hand as originally stated. A site visit indicated that the roadway was a country lane with no lane markings. The curve was a sharp (90-degree) turn to the right signposted with an arrow identifying the direction in which to turn. Though there were no previous signs to indicate the approaching turn, there was a Truck Crossing (W11-10) sign 0.3 miles before the turn to alert motorists in advance of locations where unexpected entries into the roadway, which included a recommended speed of 25 MPH.
[REDACTED, MAY CONTAIN CONFIDENTIAL BUSINESS INFORMATION]
Based on the inspection, the data acquired and the customer's narrative, Subaru determined that the customer was likely using the ACC, but not LCF, on a roadway with no markings, during a period of heavy rain and low visibility, at a speed that exceeded the posted and recommended speed limits. The customer failed to notice the approaching sharp turn to the right and did not apply the brakes in time to appropriately slow the vehicle to a speed that would allow it to safely navigate the turn. As a result, the customer lost control of the vehicle, which left the roadway and came to rest on the railroad tracks.";"archive_SGO-2021-01_Incident_Reports_ADAS.csv"
"1243-7274-v2";"1243-7274";2;"true";"archive_2021_to_2025";"ADAS";"Subaru of America, Inc.";"Update";"2024-05-01";"35fd836e73a81cf";"Subaru";"Outback";"2024";"ADAS";"";"2024-03-01";"2024";"3";"00363b910ec53c3";"";"";"Westfield";"NY";"Highway / Freeway";"Other Fixed Object";"No Injuries Reported";"false";"false";"false";"false";"false";"false";"true";"According to the customer's statement, the subject vehicle was travelling westbound on [XXX], towing a trailer, with Adaptive Cruise Control (ACC) and Lane Centering (LCF) engaged. The customer stated that he was viewing the passenger side mirror and, upon returning his eyes forward, realized that the vehicle was in close proximity to a guard rail. The customer further stated that while trying to avoid a crash, the vehicle rolled onto the left side before returning to an upright position. The customer reported the vehicle was towed from the scene. The customer alleged that there was no warning sounded as the vehicle approached the guard rail.
According to the Police Accident Report, the vehicle operator (customer) reported that the trailer had moved onto the rumble strip and the operator lost control of the vehicle. The subject vehicle struck a guardrail on the passenger side and the vehicle and trailer overturned onto the driver's side while trying to correct.
Subaru inspected the subject vehicle on 4/09/2024.  [REDACTED, MAY CONTAIN CONFIDENTIAL BUSINESS INFORMATION]
Subaru determined that there was no abnormality with the ADAS systems. Either through steering input by the driver, or outside wind forces on the vehicle and trailer, the vehicle was forced across the right-hand solid white lane line. The vehicle twice provided visual and audible warnings and the customer acknowledged contact with the rumble strips outside of the roadway lane marker but took no corrective action prior to impact with the guardrail. Further, the vehicle owner's manual states that the system will not operate correctly if a trailer or another vehicle is being towed and that the ACC and LKA should not be used in these situations.";"archive_SGO-2021-01_Incident_Reports_ADAS.csv"
"1243-7279-v3";"1243-7279";3;"true";"archive_2021_to_2025";"ADAS";"Subaru of America, Inc.";"Update";"2024-04-01";"97960a09254512e";"Subaru";"Outback";"2020";"ADAS";"";"2024-03-01";"2024";"3";"5309d9f337e9e86";"";"";"Victoria";"TX";"Intersection";"SUV";"Minor";"false";"false";"false";"false";"false";"false";"false";"According to the customer's statements, the vehicle was proceeding through a metered intersection at a stated speed of 40 to 50 MPH with Adaptive Cruise Control (ACC) and Lane Centering (LCF) engaged when it was struck in the left front fender and wheel area by an SUV making a left-hand turn from an opposing lane of traffic. There was no airbag deployment. A front passenger was transported to the hospital with what the customer stated to be minor soft tissue injuries. The vehicle was towed from the scene. Telematics data confirmed the location of the incident and indicated that there were no MIL/Warning or DTCs transmitted prior to the accident.
Subaru inspected the subject vehicle on 4/10/2024. [REDACTED, MAY CONTAIN CONFIDENTIAL BUSINESS INFORMATION]
Based on the inspection and the data acquired, Subaru determined that there were no abnormalities with the ACC or LCF systems. The ACC had been engaged and appropriately cancelled upon application of the brake pedal. The LCF was not engaged during the affected ignition cycle.";"archive_SGO-2021-01_Incident_Reports_ADAS.csv"
"1243-7850-v3";"1243-7850";3;"true";"archive_2021_to_2025";"ADAS";"Subaru of America, Inc.";"Update";"2024-07-01";"fdb56aa6a0677ac";"Subaru";"Forester";"2024";"ADAS";"";"2024-06-01";"2024";"6";"d9ce64a922ea4f1";"";"";"Newport";"NC";"Highway / Freeway";"Other, see Narrative";"Minor";"false";"false";"false";"false";"false";"false";"true";"According to the customer's statement, the customer's 16-year-old son was driving the subject vehicle westbound on [XXX] at 55-60 MPH with adaptive cruise control (ACC) and Lane Centering (LCF) engaged. The driver dropped a water bottle and reached down to pick it up. The vehicle left the roadway onto the grass median and rolled twice. The driver sustained a minor burn from the airbag deployment and was examined at the hospital as a precautionary measure, receiving no treatment. The subject vehicle was towed from the scene. A [XXX] report confirmed the location of the incident and portions of the customer's narrative indicating that the subject vehicle was traveling westbound on [XXX] when the driver lost control of the vehicle, entered the grass median to the left and overturned, coming to rest in the median.
Subaru inspected the subject vehicle on 7/02/2024. [REDACTED, MAY CONTAIN CONFIDENTIAL BUSINESS INFORMATION]
Based on the vehicle inspection and data acquired, Subaru determined that the driver failed to maintain the required steering inputs, causing the system to cancel. The driver further failed to retake full control of the vehicle and allowed the vehicle to proceed straight during a right-hand curve, resulting in the vehicle leaving the roadway and rolling in the grass median.";"archive_SGO-2021-01_Incident_Reports_ADAS.csv"
"1243-7991-v2";"1243-7991";2;"true";"archive_2021_to_2025";"ADAS";"Subaru of America, Inc.";"10-Day Update";"2024-07-01";"d31135dc120c5e8";"Subaru";"Legacy";"2020";"ADAS";"";"2023-10-01";"2023";"10";"20c098e1e824830";"";"";"New Kent";"VA";"Highway / Freeway";"Heavy Truck";"Moderate";"false";"false";"false";"false";"false";"false";"true";"The customer's attorney contacted Subaru customer service on 10/[XXX]/2023 requesting any data that may be stored in the vehicle's EyeSight systems. There was no allegation of any vehicle defect. According to the police crash report, the subject vehicle was traveling westbound in the left-hand lane of [XXX]. A box truck traveling westbound in the right-hand lane, approx. 5 MPH slower than the subject vehicle, made an unsafe lane change, striking the subject vehicle in the right front with its left rear quarter panel. As a result of the contact, the subject vehicle departed from the road to the left and struck a tree. The customer was transported to the hospital with moderate injuries and the vehicle was towed from the scene. [REDACTED, MAY CONTAIN CONFIDENTIAL BUSINESS INFORMATION]";"archive_SGO-2021-01_Incident_Reports_ADAS.csv"
"1243-8010-v2";"1243-8010";2;"true";"archive_2021_to_2025";"ADAS";"Subaru of America, Inc.";"Update";"2024-07-01";"50f7dcbfb05d359";"Subaru";"Forester";"2020";"ADAS";"";"2024-06-01";"2024";"6";"eb525e8cb7c728c";"";"";"Las Vegas";"NV";"Highway / Freeway";"Other Fixed Object";"Minor";"false";"false";"false";"false";"false";"false";"false";"According to the customer's statement, the subject vehicle was travelling southbound on [XXX] through Las Vegas, NV at 65 MPH at approximately 5 AM (sunrise) with adaptive cruise control (ACC) and lane centering (LCF) engaged. The customer further stated that the lane curved and she pulled the vehicle to the other side and lost control. The front of the vehicle struck the median head on. The customer was not transported to the hospital but did allege minor injuries including whiplash and a concussion and was given ibuprofen and a muscle relaxer after seeking medical attention at some point after the incident. The customer indicated the vehicle was towed, but did not specify whether it was towed from the scene of the incident. It was later clarified that the vehicle was not towed from the scene and was driven until such time as it was transported to the body shop. Photographs provided by the customer show front end damage to the vehicle consistent with striking an object head-on, but not at high speed. The police were not contacted. The customer did not allege any defect associated with ACC or LCF. The customer voiced concern that the airbags had not deployed.
Subaru inspected the subject vehicle on 7/11/2024. The vehicle was in a disassembled condition. Analysis of the photographs indicated that the vehicle had impacted the barrier during a sideways skid, with scratches to the bumper appearing left to right. This is supported by the customer's statements [REDACTED, MAY CONTAIN CONFIDENTIAL BUSINESS INFORMATION]
Based on the vehicle inspection and the data acquired, Subaru determined that there were no abnormalities with the ACC or LCF functions. The ACC and LCF functions had been canceled by an application of the brake pedal at some time outside of the recorded events. The vehicle was being driven at a high rate of speed when, per the customer's statement, the driver turned the steering wheel abruptly and lost control of the vehicle, eventually leading to a skid, from left to right, before front end impact with a concrete highway barrier.";"archive_SGO-2021-01_Incident_Reports_ADAS.csv"
"1243-8194-v3";"1243-8194";3;"true";"archive_2021_to_2025";"ADAS";"Subaru of America, Inc.";"Update";"2024-09-01";"07722d9757dff0b";"Subaru";"Outback";"2020";"ADAS";"";"2024-07-01";"2024";"7";"4304b030a6af69f";"";"";"Ephrata";"WA";"Rural Road";"Pickup Truck";"Moderate";"false";"false";"false";"false";"false";"false";"false";"According to the customer's statement, the subject vehicle was travelling approx. 45-50 MPH on [XXX] at 7:30PM on 7/9/2024 with Adaptive Cruise Control (ACC) and Lane Centering (LCF) engaged. As the vehicle approached a stationary vehicle in the roadway, the driver depressed the brake pedal. The driver's foot slid off the brake pedal and unintendedly depressed the accelerator pedal. The subject vehicle then struck the stationary vehicle. The driver's frontal and knee airbags deployed. The customer was transported to the hospital and diagnosed as having a cut to the eyebrow, a contusion on left kidney and three broken ribs. The subject vehicle was towed from the scene of the incident. The customer later stated that the stationary vehicle was a Dodge pickup truck.
Subaru inspected the subject vehicle on 8/08/2024. [REDACTED, MAY CONTAIN CONFIDENTIAL BUSINESS INFORMATION]
Based on the vehicle inspection and the data acquired, Subaru determined that there were no abnormalities with the ACC system, and that LCF was likely not engaged. The subject vehicle was travelling at 65 MPH when it approached a vehicle that was stopped in the roadway. As published in the owner's manual, there are limits to the situation judgment capabilities of the ACC system. Deceleration may not take place in time under conditions where the speed difference with the vehicle in front is too large. The driver of the subject vehicle did not allow for sufficient braking distance nor take evasive steering action to avoid a collision with the stopped vehicle.";"archive_SGO-2021-01_Incident_Reports_ADAS.csv"
"1243-8206-v2";"1243-8206";2;"true";"archive_2021_to_2025";"ADAS";"Subaru of America, Inc.";"Update";"2024-08-01";"c2f93a5371f6930";"Subaru";"Impreza";"2024";"ADAS";"";"2024-06-01";"2024";"6";"4fd7b9d7a56311c";"";"";"Vernon Hills";"IL";"Street";"Pole / Tree";"Minor";"false";"false";"false";"false";"false";"false";"false";"According to the customer's statement, the vehicle was travelling on [XXX] in Vernon Hills, IL at a speed of 31 MPH at 11 PM with Adaptive Cruise Control (ACC) and Lane Centering (LCF) engaged. The customer alleged the EyeSight system disengaged and that the lane assist pulled the vehicle to the left toward a high curb. The driver turned the steering wheel to the right and struck a high curb and two trees. The driver's frontal and knee airbags deployed and the customer alleged minor injuries, including scratches along the arms and knee. The customer stated that police were called and a field sobriety test administered, but did not provide the results. [REDACTED, MAY CONTAIN CONFIDENTIAL BUSINESS INFORMATION]
Subaru inspected the subject vehicle on 08/01/2024. [REDACTED, MAY CONTAIN CONFIDENTIAL BUSINESS INFORMATION]
Based on the vehicle inspection and the data acquired, Subaru determined that there was no ADAS engagement. The driver was in full control of the vehicle but failed to maintain control and caused the vehicle to impact a parking lot island and a small tree planted within the island.";"archive_SGO-2021-01_Incident_Reports_ADAS.csv"
"1243-8299-v2";"1243-8299";2;"true";"archive_2021_to_2025";"ADAS";"Subaru of America, Inc.";"Update";"2024-09-01";"9461498956913d2";"Subaru";"Outback";"2023";"ADAS";"";"2024-08-01";"2024";"8";"0db909c46b6a393";"";"";"Edgewood";"NM";"Highway / Freeway";"Other Fixed Object";"No Injuries Reported";"false";"false";"false";"false";"false";"false";"false";"According to the customer statement, the subject vehicle was travelling westbound on [XXX] at approximately 75 MPH at 7:15PM with Adaptive Cruise Control (ACC) and Lane Centering (LCF) engaged. There was a slight lane shift due to construction. The LCF cancelled and the customer acknowledged that the vehicle provided a warning indicating the function had been discontinued. The vehicle then struck a concrete barrier along the left side. The customer indicated that the left front and rear tires experienced a blowout and there was some damage to the driver's door and left-side wheel arch moldings. No airbags were deployed, there were no injuries reported and the vehicle was towed from the scene.
Subaru inspected the subject vehicle on 8/20/2024. There was no EDR data stored. [REDACTED, MAY CONTAIN CONFIDENTIAL BUSINESS INFORMATION]
The incident location was within a construction zone with a 60 MPH speed limit. [REDACTED, MAY CONTAIN CONFIDENTIAL BUSINESS INFORMATION]
Based on the vehicle inspection and the data acquired, Subaru determined that there were no abnormalities with the LCF or ACC functions. The Owner's Manual states not to use the Lane Centering Function on roads with tentative lanes due to construction work. Despite the system warning, the driver maintained leftward steering input which caused the vehicle to impact a concrete barrier.";"archive_SGO-2021-01_Incident_Reports_ADAS.csv"
"1243-8428-v2";"1243-8428";2;"true";"archive_2021_to_2025";"ADAS";"Subaru of America, Inc.";"Update";"2024-09-01";"ebfd526fa628230";"Subaru";"Forester";"2022";"ADAS";"";"2024-08-01";"2024";"8";"386e5d2e42c622c";"";"";"Stuart";"FL";"Street";"Other Fixed Object";"No Injuries Reported";"false";"false";"false";"false";"false";"false";"false";"According to the customer's statement, the subject vehicle was traveling at 47 MPH southbound on [XXX] at 10:03AM on [XXX] with Adaptive Cruise Control (ACC) and Lane Centering (LCF) engaged. As the vehicle passed a side street, there was a break in the lane lines. The customer stated that the lane centering stopped working and that the vehicle did not maintain a straight path, causing the vehicle to impact a steel guardrail on the right-hand side of the roadway. The driver's frontal airbags and the curtain airbags deployed. The customer did not state any injuries. The vehicle sustained heavy frontal damage and was towed from the scene.
Subaru inspected the subject vehicle on 9/04/2024. [REDACTED, MAY CONTAIN CONFIDENTIAL BUSINESS INFORMATION]
A site inspection identified the road on which the incident occurred to be a two-lane road (one lane in each direction) with a posted speed limit of 45 MPH. Approximately 500 feet prior to the incident location, the yellow center-line splits to accommodate a left-turn lane in the opposite direction and the road widens to allow for a right turn lane in the southbound direction. These changes require the driver to make a slight steering adjustment to the left in order to maintain the appropriate lane of travel through the intersection. [REDACTED, MAY CONTAIN CONFIDENTIAL BUSINESS INFORMATION]
Based on the vehicle inspection and data acquired, Subaru determined that there were no abnormalities with the ACC or LCF systems. LCF was not observed to be engaged and the driver did not provide any steering input to maintain the appropriate lane of travel, nor did the driver apply the brake pedal at any time to avoid or mitigate the crash with the guardrail.";"archive_SGO-2021-01_Incident_Reports_ADAS.csv"
"1243-8486-v2";"1243-8486";2;"true";"archive_2021_to_2025";"ADAS";"Subaru of America, Inc.";"Update";"2024-10-01";"5d33dcc7d207b40";"Subaru";"Forester";"2022";"ADAS";"";"2024-08-01";"2024";"8";"b0d904f672fe0c9";"";"";"Napavine";"WA";"Rural Road";"Other Fixed Object";"Minor";"false";"false";"false";"false";"false";"false";"false";"According to the customer's statements, the subject vehicle was traveling on [XXX] at 11PM on Sunday, 8/[XXX]/2024 at a speed of 25 MPH with Adaptive Cruise Control (ACC) and Lane Centering (LCF) engaged. The customer alleged that the vehicle steered toward a barrier. The vehicle struck the barrier, left the roadway into a ditch and rolled over. The vehicle sustained impact damage to the front left quarter and rollover damage to both sides, roof and hood. The customer stated that she was wearing a seatbelt but remembered regaining consciousness in the rear seat. The customer indicated she was treated for minor injuries but was not transported to the hospital. The curtain airbags deployed. The vehicle was towed from the scene.
Subaru was not able to inspect the subject vehicle. The customer was uninsured at the time of the incident and the tow company indicated the vehicle could not be made available as it was scheduled to be sent to auction. The customer did not provide a requested copy of the police report.
A review of the incident location indicated that the short section of [XXX] that would have been travelled by the vehicle has been an area of a number of construction/development projects. Subaru was unable to determine the condition of the roadway or lane markings at the time of the incident.";"archive_SGO-2021-01_Incident_Reports_ADAS.csv"
"1243-8635-v1";"1243-8635";1;"true";"archive_2021_to_2025";"ADAS";"Subaru of America, Inc.";"5-Day";"2024-09-01";"ca4ec55f0ac8c52";"Subaru";"Forester";"2023";"ADAS";"";"2024-09-01";"2024";"9";"684692e1ed26bba";"";"";"Woodland";"CA";"Highway / Freeway";"Passenger Car";"No Injuries Reported";"false";"false";"false";"false";"false";"false";"false";"According to the customer's statement, the subject vehicle was traveling in the left lane of [XXX] southbound at approximately 6PM. The customer had just set the adaptive cruise control (ACC) to 70 MPH and that lane centering (LCF) was engaged. The traffic was described as steady. As the subject vehicle approached an accident scene in the same lane of travel, the vehicle in front came to a sudden stop. The customer stated that she applied the brake pedal and turned the steering wheel to the right but impacted the vehicle in front on the right-side rear bumper. The frontal airbags deployed upon impact and the subject vehicle then left the roadway. The vehicle subsequently caught fire and was towed from the scene. There were no injuries reported.
[REDACTED, MAY CONTAIN CONFIDENTIAL BUSINESS INFORMATION]
Based on the customer's statements and the available data, Subaru determined that there were no abnormalities with the ACC or LCF systems. The data indicated that the ACC system first activated vehicle braking, followed by AEB, prior to the customer applying any effective braking. Per the owner's manual, there are limits to the situational judgment capabilities of the ACC system. The system cannot predict  a vehicle in front unexpectedly decelerating or suddenly braking.";"archive_SGO-2021-01_Incident_Reports_ADAS.csv"
"1243-8674-v1";"1243-8674";1;"true";"archive_2021_to_2025";"ADAS";"Subaru of America, Inc.";"5-Day";"2024-09-01";"f85f33493b2d05a";"Subaru";"Forester";"2020";"ADAS";"";"2024-09-01";"2024";"9";"afe2adf2d111658";"";"";"Arnold";"NE";"Highway / Freeway";"Animal";"Minor";"false";"false";"false";"false";"false";"false";"false";"The customer stated that the vehicle was traveling westbound on [XXX] near [XXX] at 60 MPH with Adaptive Cruise Control (ACC) and Lane Centering (LCF) engaged when it struck a deer crossing the roadway. No airbags were deployed. The vehicle caught fire as a result of the collision and was towed from the scene.";"archive_SGO-2021-01_Incident_Reports_ADAS.csv"
"1243-8675-v2";"1243-8675";2;"true";"archive_2021_to_2025";"ADAS";"Subaru of America, Inc.";"Update";"2024-10-01";"49eb37ebd94f8e6";"Subaru";"Outback";"2022";"ADAS";"";"2024-09-01";"2024";"9";"e1733c89d4f6cac";"";"";"";"UT";"Highway / Freeway";"Other, see Narrative";"Minor";"false";"false";"false";"false";"false";"false";"false";"The customer stated that the subject vehicle was traveling westbound on [XXX] between Grand Junction, CO and West Moab, UT at 80 MPH with Adaptive Cruise Control (ACC) and Lane Centering (LCF) engaged. As the vehicle approached two slower moving tractor trailers, the driver changed lanes from the right-hand lane to the left-hand lane. The customer stated that, once in the left-hand lane, he judged the vehicle traveling too far to the right and made a quick turn of the steering wheel to the left. In doing so, the customer stated that he oversteered the vehicle, causing the vehicle to leave the roadway and rollover. The curtain airbags deployed. The customer was assessed by EMTs and released after declining transportation to the hospital. The vehicle was towed from the scene.
Subaru was unable to gain access to inspect the subject vehicle. The customer became unresponsive.";"archive_SGO-2021-01_Incident_Reports_ADAS.csv"
"1243-9080-v1";"1243-9080";1;"true";"archive_2021_to_2025";"ADAS";"Subaru of America, Inc.";"5-Day";"2024-11-01";"eba0fa9370ce909";"Subaru";"Ascent";"2024";"ADAS";"";"2024-11-01";"2024";"11";"52fc89774d1d342";"";"";"Plainview";"TX";"Rural Road";"Animal";"No Injuries Reported";"false";"false";"false";"false";"false";"false";"false";"Based on the customer's statement, the subject vehicle was traveling southbound on [XXX} at 10:09 PM at 78 MPH with Adaptive Cruise Control (ACC) and Lane Centering (LCF) engaged when it struck a deer crossing the roadway. As a result of the impact, all of the airbags deployed. The customer indicated that upon pulling the vehicle to a stop on the side of the roadway, the vehicle caught on fire. All five occupants exited the vehicle and there were no reported injuries. The vehicle was towed from the scene.
[REDACTED, MAY CONTAIN CONFIDENTIAL BUSINESS INFORMATION]";"archive_SGO-2021-01_Incident_Reports_ADAS.csv"
"1243-9301-v2";"1243-9301";2;"true";"archive_2021_to_2025";"ADAS";"Subaru of America, Inc.";"Update";"2025-01-01";"07c113101a48d08";"Subaru";"Impreza";"2024";"ADAS";"";"2024-12-01";"2024";"12";"5c15effac490b52";"";"";"San Diego";"CA";"Highway / Freeway";"Pole / Tree";"Minor";"false";"false";"false";"false";"false";"false";"false";"According to the customer's statement, the subject vehicle was travelling eastbound in the far-left lane of to [XXX] (XXX) at between 45 and 50 MPH at approximately 6PM (PST) with Adaptive Cruise Control (ACC) and Lane Centering (LCF) engaged. The customer noted the conditions as being dark. The customer further stated that as the roadway curved to the right, the system ""shut off"""" and the vehicle climbed the curb to the left";" entering a vegetated median strip. The vehicle then rolled several times"
"1243-9485-v2";"1243-9485";2;"true";"archive_2021_to_2025";"ADAS";"Subaru of America, Inc.";"10-Day Update";"2025-01-01";"687984c4414b163";"Subaru";"Crosstrek";"2024";"ADAS";"";"2024-12-01";"2024";"12";"5bba16aeb8c54ef";"";"";"Chili";"NY";"Street";"Other, see Narrative";"Minor";"false";"false";"false";"false";"false";"false";"false";"The customer did not allege any defect with the vehicle. The customer contacted Subaru to request data from the EyeSight system after being struck by another vehicle. The customer was operating the subject vehicle on 12/[XXX]/2024 in the vicinity of [XXX} and [XXX], traveling at 40-45 MPH at approximately 1:30PM (EST). [REDACTED, MAY CONTAIN CONFIDENTIAL BUSINESS INFORMATION] According to the customer's statement,  another vehicle swerved to avoid a third vehicle and struck the subject vehicle head-on. The customer suffered minor cuts, scratches, and bruises but was transported to the hospital as a precautionary measure out of concern for potential internal injuries. The customer reported that all of the airbags deployed and the vehicle was towed from the scene.";"archive_SGO-2021-01_Incident_Reports_ADAS.csv"
"1306-10345-v4";"1306-10345";4;"true";"third_amendment_2025_plus";"ADAS";"Toyota Motor Engineering & Manufacturing";"Update";"2025-06-01";"09532003efa0cea";"TOYOTA";"Camry";"2025";"ADAS";"Verified Not Engaged";"2025-03-01";"2025";"3";"ac7bbb42b9626f1";"";"";"Delta";"CO";"Highway / Freeway";"Other Fixed Object";"Unknown";"false";"";"false";"false";"true";"false";"false";"From original report (March 28, 2025):
Entries in this report are based on unconfirmed allegations:
On March [XXX], 2025, Toyota received an initial contact from the owner and driver of a vehicle involved in the crash. She described that cruise control was engaged leading up to the crash event, and alleged that she was in, ""a single-vehicle accident due to an issue with the lane assist feature in her Toyota Camry veering the car hard to the right into a guardrail."""" She stated the resulted in the airbags deploying and total loss of the vehicle with  a tow-away from the scene. The driver alleged injuries including whiplash";" concussion"
"1306-1065-v1";"1306-1065";1;"true";"archive_2021_to_2025";"ADS";"Toyota Motor Engineering & Manufacturing";"Monthly";"2021-08-01";"0eecc7fa6ddc4ad";"Lexus";"RX450H";"2020";"ADS";"";"2021-07-01";"2021";"7";"d0d33333ba895d5";"";"";"Indianapolis";"IN";"Street";"SUV";"No Injuries Reported";"false";"false";"false";"false";"false";"false";"true";"- The subject vehicle of this report was procured by and up-fitted to ADS L4 by May Mobility with a May Mobility automated driving kit.
- The content of this report, including the summary of incident below, is the information as Toyota received from May Mobility on Aug [XXX], 2021.
Summary of incident (as Toyota received from May Mobility):
Leading up to the event, the autonomy system functioned as expected, following the route through the intersection, slowing appropriately for other road users and the red light. Vehicle autonomous behavior was performing as expected and did not require a takeover.
Description of event:
16:17:30 May vehicle, traveling East on [XXX], in full working order with no errors, autonomously navigates the [XXX] and [XXX] intersection.
16:17:35 May vehicle autonomously begins to slow to match the speed of a vehicle several car lengths ahead merging into our lane from the right.
16:17:37 By means of an accelerator pedal push the vehicle is moved into manual mode by the safety operator - from this point forward, the vehicle remains under control of the safety operator.
16:17:43 Manual acceleration command via the pedal increases.
16:17:44 Safety operator manually continues straight which, due to the slight change in angle of the road, brings the May vehicle into contact with the first vehicle to the right.
16:17:44 Safety operator manually applies brake.
16:17:45 With the manual brake command now at maximum the May vehicle makes contact with the second vehicle.
Vehicle indicators for manual or autonomy mode:
The visual indicator for autonomy was functioning properly and as expected in the time leading up to and during the event.
The audio communication device in the vehicle was functioning properly and was used to call for assistance and to report the incident.
The audio beep to indicate a state change was functioning properly.
The safety operator had some audio indication that he had exited autonomy and entered manual operation, and he had full visual indication on his dashboard.";"archive_SGO-2021-01_Incident_Reports_ADS.csv"
"1306-10766-v1";"1306-10766";1;"true";"archive_2021_to_2025";"ADAS";"Toyota Motor Engineering & Manufacturing";"5-Day";"2025-05-01";"276b986f7fdd2d3";"Toyota";"RAV4";"2020";"ADAS";"";"2025-04-01";"2025";"4";"c5793998cd6826f";"";"";"Putney";"OH";"Highway / Freeway";"Other Fixed Object";"Unknown";"false";"";"false";"false";"false";"false";"false";"The entries in this report are based on unconfirmed allegations.
On May [XXX], 2025, Toyota received an allegation related to this crash from the vehicle owner. The owner claimed she lost control of the vehicle after the ""driver assist feature malfunctioned""""";" which caused the vehicle to crash into a wall and roll over. The owner further described that she had cruise control engaged and the """"car assist stopped working"""" then """"reactivated"""" causing the vehicle to hit a wall"
"1306-10839-v1";"1306-10839";1;"true";"archive_2021_to_2025";"ADAS";"Toyota Motor Engineering & Manufacturing";"5-Day";"2025-06-01";"c794c4ebdf0c94d";"Toyota";"Camry";"2025";"ADAS";"";"2025-05-01";"2025";"5";"f8df332c8a22bd8";"";"";"Beverly";"WA";"Highway / Freeway";"Other Fixed Object";"No Injuries Reported";"false";"false";"false";"false";"false";"false";"false";"Entries in this report are based on unconfirmed allegations:
On May [XXX], 2025, Toyota received an initial contact from the owner and driver of a vehicle involved in the crash. The owner described that cruise control was engaged leading up to the crash event, and alleged that while driving on a highway, the car's ""lane assist"""" could not read the lane lines properly and pulled the vehicle. The owner tried to correct the vehicle by steering and braking";" but the vehicle went off the road and collided with a bush that stopped the vehicle. The owner alleged the brakes did not work properly. As a result"
"1306-11031-v1";"1306-11031";1;"true";"archive_2021_to_2025";"ADAS";"Toyota Motor Engineering & Manufacturing";"5-Day";"2025-06-01";"fcbf02b42adc1c2";"Toyota";"Prius";"2023";"ADAS";"";"2025-04-01";"2025";"4";"6468d13fa0c7bed";"";"";"Trinidad";"CA";"Highway / Freeway";"Other, see Narrative";"Unknown";"false";"";"false";"false";"false";"false";"false";"On April [XXX], 2025, Toyota received a call from the subject vehicle owner stating that The caller was involved in a single-vehicle accident while driving their Toyota Prius on Highway [XXX] near Trinidad, California. It was raining heavily and the lane assist system nudged the vehicle, causing it to hydroplane and spin off the road. The vehicle sustained damage and was towed from the scene. The caller wanted to report the incident to Toyota in case it was an issue with the lane assist system that could affect other drivers. The caller also stated that the cruise control was not engaged at the time of the incident. Based on the customer statement that cruise control was not involved, this allegation was judged not SGO reportable at that time. Toyota initiated an inspection of the subject vehicle based on the customer allegations. 
On June 3, 2025, Toyota completed review of a field report of the investigation of the subject vehicle, which included EDR, Vehicle Control History (VCH) and PCS Freeze Frame Data (PCS FFD). The VCH and PCS Freeze Frame Data (PCS FFD) indicated that ADAS L2 was engaged in the recorded moments prior to the crash. The PCS FFD recording contains approximately 8 seconds of pre-crash data and images. From the PCS FFD, Toyota observed the following: Dynamic Radar Cruise Control (DRCC) and Lane Trace Assist (LTA) were engaged from the start of the recording until 3.1 seconds prior to the collision. At this time, these systems were disabled when the brake switch turned on. The vehicle was traveling approximately 71mph leading up to the collision. The steering angle varied from -4.5 deg at the beginning of the recording to 48 deg at 1.8 sec prior to the crash, after which the images show the subject vehicle veering off the right side of the roadway.";"archive_SGO-2021-01_Incident_Reports_ADAS.csv"
"1306-11630-v1";"1306-11630";1;"true";"third_amendment_2025_plus";"ADAS";"Toyota Motor Engineering & Manufacturing";"5-Day";"2025-09-01";"875421a2d143bc4";"TOYOTA";"Tacoma";"2024";"ADAS";"Alleged Engaged";"2025-08-01";"2025";"8";"485aa415245e032";"";"";"";"";"Intersection";"Passenger Car";"Minor W/O Hospitalization";"false";"true";"true";"false";"true";"false";"false";"On September [XXX], 2025, Toyota received an initial contact from the owner and driver of a vehicle involved in the crash. The driver described that ""lane assist"""" was engaged leading up to the crash event";" and alleged that while driving on a highway"
